URL,Version,Status,OIDs,Name,Title,Descriptino,Uses,Used,Sources
http://hl7.org/fhir/ValueSet/questionnaire-answers-status,4.0.1,draft,"required",QuestionnaireResponseStatus,QuestionnaireResponseStatus,"Lifecycle status of the questionnaire response.","StructureDefinition/datos-sigges-formularios","hl7.fhir.r4.core"
https://hl7chile.cl/fhir/ig/clcore/ValueSet/VSCodigosComunaCL,1.9.1,active,,VSCodigosComunaCL,Códigos de Comunas en Chile,"Códigos de Comunas para Chile según Códigos Únicos Territoriales Actualizados, por Decreto exento No 817 del Ministerio del Interior","Questionnaire/NotiAtenEsp,Questionnaire/SolicitudI","hl7.fhir.cl.clcore"
https://hl7chile.cl/fhir/ig/clcore/ValueSet/VSCodigosProvinciasCL,1.9.1,active,,VSCodigosProvinciasCL,Códigos de Provincias en Chile,"Códigos de Provincias para Chile según Códigos Únicos Territoriales Actualizados, por Decreto exento No 817 del Ministerio del Interior","Questionnaire/NotiAtenEsp,Questionnaire/SolicitudI","hl7.fhir.cl.clcore"
https://hl7chile.cl/fhir/ig/clcore/ValueSet/VSCodigosRegionesCL,1.9.1,active,,VSCodigosRegionesCL,Códigos de Regiones en Chile,"Códigos de Regiones para Chile según Códigos Únicos Territoriales Actualizados, por Decreto exento No 817 del Ministerio del Interior","Questionnaire/NotiAtenEsp,Questionnaire/SolicitudI","hl7.fhir.cl.clcore"
https://hl7chile.cl/fhir/ig/clcore/ValueSet/VSEspecialidadesCL,1.9.1,active,,VSEspecialidadesCL,Códigos de Especialidades,"Códigos de especialidades médicas descritas según DEIS, la CONACEM y CONACEO","Questionnaire/SolicitudI","hl7.fhir.cl.clcore"
https://hl7chile.cl/fhir/ig/clcore/ValueSet/VSSexoListadoDeis,1.9.1,active,,VSSexoListadoDeis,Sexo Listado Deis,"Sexo Listado Deis","Questionnaire/NotiAtenEsp,Questionnaire/SolicitudI","hl7.fhir.cl.clcore"
https://hl7chile.cl/fhir/ig/sigescg/ValueSet/VSDerivadoPara,0.1.0,active,,VSDerivadoPara,Códigos asociados a la derivación,"Codigos asociados para la derivación de paciente, indicando el objetivo","Questionnaire/SolEndoscop,Questionnaire/SolicitudI","Internal"
https://hl7chile.cl/fhir/ig/sigescg/ValueSet/VSExamenes,0.1.0,active,,VSExamenes,Códigos de  Exámenes,"Códigos exámenes realizados por el paciente",,"Internal"
https://hl7chile.cl/fhir/ig/sigescg/ValueSet/VSMArca,0.1.0,active,,VSMarca,Códigos de  Marca,"Marca del paciente","Questionnaire/SolicitudI","Internal"
https://hl7chile.cl/fhir/ig/sigescg/ValueSet/VSOpcionesCierre,0.1.0,active,,VSOpcionesCierre,Códigos opciones para Cierre o Extensión,"Codigos asociados para el cierre o la extención de garantía","Questionnaire/CierreNotifSG","Internal"
https://hl7chile.cl/fhir/ig/sigescg/ValueSet/VSPrestacion,0.1.0,active,,VSPrestacion,Códigos de prestaciones,"Codigos para prestaciones","Questionnaire/NotiAtenEsp,Questionnaire/SolEndoscop","Internal"
https://hl7chile.cl/fhir/ig/sigescg/ValueSet/VSPrevision,0.1.0,active,,VSPrevision,VS Prevision,"Previsión del paciente","Questionnaire/SolicitudI","Internal"
https://hl7chile.cl/fhir/ig/sigescg/ValueSet/VSProbSalud,0.1.0,active,,VSProbSalud,Códigos Problemas de Salud,"Problemas de salud detectados en pacientes","Questionnaire/ProsDiag,Questionnaire/SolicitudI,Questionnaire/CierreNotifSG","Internal"
https://hl7chile.cl/fhir/ig/sigescg/ValueSet/VSTipoDoc,0.1.0,active,,VSTipoDoc,Códigos de tipo de documento,"Codigos para tipo de documento","StructureDefinition/TipoDoc","Internal"
