{
  "resourceType" : "Bundle",
  "id" : "dfc5bfb6-06cb-4a91-a2cc-e93f815c180e",
  "meta" : {
    "lastUpdated" : "2025-03-06T08:20:26.618-03:00"
  },
  "type" : "collection",
  "entry" : [{
    "fullUrl" : "https://hl7chile.cl/fhir/ig/sigescg/ValueSet/VSDerivadoPara",
    "resource" : {
      "resourceType" : "ValueSet",
      "text" : {
        "status" : "generated",
        "div" : "<div xmlns=\"http://www.w3.org/1999/xhtml\"><p class=\"res-header-id\"><b>Generated Narrative: ValueSet </b></p><p style=\"border: black 1px dotted; background-color: #EEEEEE; padding: 8px; margin-bottom: 8px\">Expansion done internally based on <a href=\"CodeSystem-CSDerivadoPara.html\">codesystem Códigos asociados a la derivación v0.1.0 (CodeSystem)</a></p><p>This value set contains 9 concepts</p><table class=\"codes\"><tr><td style=\"white-space:nowrap\"><b>Code</b></td><td><b>System</b></td><td><b>Display</b></td></tr><tr><td style=\"white-space:nowrap\"><a name=\"x-https://hl7chile.cl/fhir/ig/sigescg/CodeSystem/CSDerivadoPara-1\"> </a>\u00a0\u00a0<a href=\"CodeSystem-CSDerivadoPara.html#CSDerivadoPara-1\">1</a></td><td>https://hl7chile.cl/fhir/ig/sigescg/CodeSystem/CSDerivadoPara</td><td>Confirmación Diagnóstica</td></tr><tr><td style=\"white-space:nowrap\"><a name=\"x-https://hl7chile.cl/fhir/ig/sigescg/CodeSystem/CSDerivadoPara-2\"> </a>\u00a0\u00a0<a href=\"CodeSystem-CSDerivadoPara.html#CSDerivadoPara-2\">2</a></td><td>https://hl7chile.cl/fhir/ig/sigescg/CodeSystem/CSDerivadoPara</td><td>Realizar Tratamiento</td></tr><tr><td style=\"white-space:nowrap\"><a name=\"x-https://hl7chile.cl/fhir/ig/sigescg/CodeSystem/CSDerivadoPara-3\"> </a>\u00a0\u00a0<a href=\"CodeSystem-CSDerivadoPara.html#CSDerivadoPara-3\">3</a></td><td>https://hl7chile.cl/fhir/ig/sigescg/CodeSystem/CSDerivadoPara</td><td>A Seguimiento</td></tr><tr><td style=\"white-space:nowrap\"><a name=\"x-https://hl7chile.cl/fhir/ig/sigescg/CodeSystem/CSDerivadoPara-4\"> </a>\u00a0\u00a0<a href=\"CodeSystem-CSDerivadoPara.html#CSDerivadoPara-4\">4</a></td><td>https://hl7chile.cl/fhir/ig/sigescg/CodeSystem/CSDerivadoPara</td><td>Control de Especialidad</td></tr><tr><td style=\"white-space:nowrap\"><a name=\"x-https://hl7chile.cl/fhir/ig/sigescg/CodeSystem/CSDerivadoPara-5\"> </a>\u00a0\u00a0<a href=\"CodeSystem-CSDerivadoPara.html#CSDerivadoPara-5\">5</a></td><td>https://hl7chile.cl/fhir/ig/sigescg/CodeSystem/CSDerivadoPara</td><td>Otro</td></tr><tr><td style=\"white-space:nowrap\"><a name=\"x-https://hl7chile.cl/fhir/ig/sigescg/CodeSystem/CSDerivadoPara-6\"> </a>\u00a0\u00a0<a href=\"CodeSystem-CSDerivadoPara.html#CSDerivadoPara-6\">6</a></td><td>https://hl7chile.cl/fhir/ig/sigescg/CodeSystem/CSDerivadoPara</td><td>Seguimiento</td></tr><tr><td style=\"white-space:nowrap\"><a name=\"x-https://hl7chile.cl/fhir/ig/sigescg/CodeSystem/CSDerivadoPara-7\"> </a>\u00a0\u00a0<a href=\"CodeSystem-CSDerivadoPara.html#CSDerivadoPara-7\">7</a></td><td>https://hl7chile.cl/fhir/ig/sigescg/CodeSystem/CSDerivadoPara</td><td>Tratamiento</td></tr><tr><td style=\"white-space:nowrap\"><a name=\"x-https://hl7chile.cl/fhir/ig/sigescg/CodeSystem/CSDerivadoPara-9\"> </a>\u00a0\u00a0<a href=\"CodeSystem-CSDerivadoPara.html#CSDerivadoPara-9\">9</a></td><td>https://hl7chile.cl/fhir/ig/sigescg/CodeSystem/CSDerivadoPara</td><td>Diagnostico</td></tr><tr><td style=\"white-space:nowrap\"><a name=\"x-https://hl7chile.cl/fhir/ig/sigescg/CodeSystem/CSDerivadoPara-10\"> </a>\u00a0\u00a0<a href=\"CodeSystem-CSDerivadoPara.html#CSDerivadoPara-10\">10</a></td><td>https://hl7chile.cl/fhir/ig/sigescg/CodeSystem/CSDerivadoPara</td><td>Rehabilitación</td></tr></table></div>"
      },
      "url" : "https://hl7chile.cl/fhir/ig/sigescg/ValueSet/VSDerivadoPara",
      "version" : "0.1.0",
      "name" : "VSDerivadoPara",
      "title" : "Códigos asociados a la derivación",
      "status" : "active",
      "experimental" : false,
      "date" : "2025-03-06T08:20:26-03:00",
      "jurisdiction" : [{
        "coding" : [{
          "system" : "urn:iso:std:iso:3166",
          "code" : "CL",
          "display" : "Chile"
        }]
      }],
      "expansion" : {
        "identifier" : "urn:uuid:39ae6e77-c6aa-4aa1-be2f-754822cec54f",
        "timestamp" : "2025-03-06T08:21:40-03:00",
        "total" : 9,
        "offset" : 0,
        "parameter" : [{
          "name" : "count",
          "valueInteger" : 1000
        },
        {
          "name" : "offset",
          "valueInteger" : 0
        },
        {
          "name" : "excludeNested",
          "valueBoolean" : false
        },
        {
          "name" : "used-codesystem",
          "valueUri" : "https://hl7chile.cl/fhir/ig/sigescg/CodeSystem/CSDerivadoPara|0.1.0"
        }],
        "contains" : [{
          "system" : "https://hl7chile.cl/fhir/ig/sigescg/CodeSystem/CSDerivadoPara",
          "code" : "1",
          "display" : "Confirmación Diagnóstica"
        },
        {
          "system" : "https://hl7chile.cl/fhir/ig/sigescg/CodeSystem/CSDerivadoPara",
          "code" : "2",
          "display" : "Realizar Tratamiento"
        },
        {
          "system" : "https://hl7chile.cl/fhir/ig/sigescg/CodeSystem/CSDerivadoPara",
          "code" : "3",
          "display" : "A Seguimiento"
        },
        {
          "system" : "https://hl7chile.cl/fhir/ig/sigescg/CodeSystem/CSDerivadoPara",
          "code" : "4",
          "display" : "Control de Especialidad"
        },
        {
          "system" : "https://hl7chile.cl/fhir/ig/sigescg/CodeSystem/CSDerivadoPara",
          "code" : "5",
          "display" : "Otro"
        },
        {
          "system" : "https://hl7chile.cl/fhir/ig/sigescg/CodeSystem/CSDerivadoPara",
          "code" : "6",
          "display" : "Seguimiento"
        },
        {
          "system" : "https://hl7chile.cl/fhir/ig/sigescg/CodeSystem/CSDerivadoPara",
          "code" : "7",
          "display" : "Tratamiento"
        },
        {
          "system" : "https://hl7chile.cl/fhir/ig/sigescg/CodeSystem/CSDerivadoPara",
          "code" : "9",
          "display" : "Diagnostico"
        },
        {
          "system" : "https://hl7chile.cl/fhir/ig/sigescg/CodeSystem/CSDerivadoPara",
          "code" : "10",
          "display" : "Rehabilitación"
        }]
      }
    }
  },
  {
    "fullUrl" : "https://hl7chile.cl/fhir/ig/sigescg/ValueSet/VSExamenes",
    "resource" : {
      "resourceType" : "ValueSet",
      "text" : {
        "status" : "generated",
        "div" : "<div xmlns=\"http://www.w3.org/1999/xhtml\"><p class=\"res-header-id\"><b>Generated Narrative: ValueSet </b></p><p style=\"border: black 1px dotted; background-color: #EEEEEE; padding: 8px; margin-bottom: 8px\">Expansion done internally based on <a href=\"CodeSystem-CSExamenes.html\">codesystem Códigos de Exámenes v0.1.0 (CodeSystem)</a></p><p>This value set contains 3 concepts</p><table class=\"codes\"><tr><td style=\"white-space:nowrap\"><b>Code</b></td><td><b>System</b></td><td><b>Display</b></td></tr><tr><td style=\"white-space:nowrap\"><a name=\"x-https://hl7chile.cl/fhir/ig/sigescg/CodeSystem/CSExamenes-01\"> </a>\u00a0\u00a0<a href=\"CodeSystem-CSExamenes.html#CSExamenes-01\">01</a></td><td>https://hl7chile.cl/fhir/ig/sigescg/CodeSystem/CSExamenes</td><td>A</td></tr><tr><td style=\"white-space:nowrap\"><a name=\"x-https://hl7chile.cl/fhir/ig/sigescg/CodeSystem/CSExamenes-02\"> </a>\u00a0\u00a0<a href=\"CodeSystem-CSExamenes.html#CSExamenes-02\">02</a></td><td>https://hl7chile.cl/fhir/ig/sigescg/CodeSystem/CSExamenes</td><td>B</td></tr><tr><td style=\"white-space:nowrap\"><a name=\"x-https://hl7chile.cl/fhir/ig/sigescg/CodeSystem/CSExamenes-03\"> </a>\u00a0\u00a0<a href=\"CodeSystem-CSExamenes.html#CSExamenes-03\">03</a></td><td>https://hl7chile.cl/fhir/ig/sigescg/CodeSystem/CSExamenes</td><td>C</td></tr></table></div>"
      },
      "url" : "https://hl7chile.cl/fhir/ig/sigescg/ValueSet/VSExamenes",
      "version" : "0.1.0",
      "name" : "VSExamenes",
      "title" : "Códigos de  Exámenes",
      "status" : "active",
      "experimental" : false,
      "date" : "2025-03-06T08:20:26-03:00",
      "jurisdiction" : [{
        "coding" : [{
          "system" : "urn:iso:std:iso:3166",
          "code" : "CL",
          "display" : "Chile"
        }]
      }],
      "expansion" : {
        "identifier" : "urn:uuid:bf968551-ab1a-484d-92d3-077263d75289",
        "timestamp" : "2025-03-06T08:21:41-03:00",
        "total" : 3,
        "offset" : 0,
        "parameter" : [{
          "name" : "count",
          "valueInteger" : 1000
        },
        {
          "name" : "offset",
          "valueInteger" : 0
        },
        {
          "name" : "excludeNested",
          "valueBoolean" : false
        },
        {
          "name" : "used-codesystem",
          "valueUri" : "https://hl7chile.cl/fhir/ig/sigescg/CodeSystem/CSExamenes|0.1.0"
        }],
        "contains" : [{
          "system" : "https://hl7chile.cl/fhir/ig/sigescg/CodeSystem/CSExamenes",
          "code" : "01",
          "display" : "A"
        },
        {
          "system" : "https://hl7chile.cl/fhir/ig/sigescg/CodeSystem/CSExamenes",
          "code" : "02",
          "display" : "B"
        },
        {
          "system" : "https://hl7chile.cl/fhir/ig/sigescg/CodeSystem/CSExamenes",
          "code" : "03",
          "display" : "C"
        }]
      }
    }
  },
  {
    "fullUrl" : "https://hl7chile.cl/fhir/ig/sigescg/ValueSet/VSMArca",
    "resource" : {
      "resourceType" : "ValueSet",
      "text" : {
        "status" : "generated",
        "div" : "<div xmlns=\"http://www.w3.org/1999/xhtml\"><p class=\"res-header-id\"><b>Generated Narrative: ValueSet </b></p><p style=\"border: black 1px dotted; background-color: #EEEEEE; padding: 8px; margin-bottom: 8px\">Expansion done internally based on <a href=\"CodeSystem-CSMarca.html\">codesystem Códigos de Marca v0.1.0 (CodeSystem)</a></p><p>This value set contains 5 concepts</p><table class=\"codes\"><tr><td style=\"white-space:nowrap\"><b>Code</b></td><td><b>System</b></td><td><b>Display</b></td></tr><tr><td style=\"white-space:nowrap\"><a name=\"x-https://hl7chile.cl/fhir/ig/sigescg/CodeSystem/CSMarca-01\"> </a>\u00a0\u00a0<a href=\"CodeSystem-CSMarca.html#CSMarca-01\">01</a></td><td>https://hl7chile.cl/fhir/ig/sigescg/CodeSystem/CSMarca</td><td>PRAIS</td></tr><tr><td style=\"white-space:nowrap\"><a name=\"x-https://hl7chile.cl/fhir/ig/sigescg/CodeSystem/CSMarca-02\"> </a>\u00a0\u00a0<a href=\"CodeSystem-CSMarca.html#CSMarca-02\">02</a></td><td>https://hl7chile.cl/fhir/ig/sigescg/CodeSystem/CSMarca</td><td>ANTUCO</td></tr><tr><td style=\"white-space:nowrap\"><a name=\"x-https://hl7chile.cl/fhir/ig/sigescg/CodeSystem/CSMarca-03\"> </a>\u00a0\u00a0<a href=\"CodeSystem-CSMarca.html#CSMarca-03\">03</a></td><td>https://hl7chile.cl/fhir/ig/sigescg/CodeSystem/CSMarca</td><td>DIRIGENTE VECINAL</td></tr><tr><td style=\"white-space:nowrap\"><a name=\"x-https://hl7chile.cl/fhir/ig/sigescg/CodeSystem/CSMarca-04\"> </a>\u00a0\u00a0<a href=\"CodeSystem-CSMarca.html#CSMarca-04\">04</a></td><td>https://hl7chile.cl/fhir/ig/sigescg/CodeSystem/CSMarca</td><td>PRI LONCO</td></tr><tr><td style=\"white-space:nowrap\"><a name=\"x-https://hl7chile.cl/fhir/ig/sigescg/CodeSystem/CSMarca-05\"> </a>\u00a0\u00a0<a href=\"CodeSystem-CSMarca.html#CSMarca-05\">05</a></td><td>https://hl7chile.cl/fhir/ig/sigescg/CodeSystem/CSMarca</td><td>PRI LEMUN</td></tr></table></div>"
      },
      "url" : "https://hl7chile.cl/fhir/ig/sigescg/ValueSet/VSMArca",
      "version" : "0.1.0",
      "name" : "VSMarca",
      "title" : "Códigos de  Marca",
      "status" : "active",
      "experimental" : false,
      "date" : "2025-03-06T08:20:26-03:00",
      "jurisdiction" : [{
        "coding" : [{
          "system" : "urn:iso:std:iso:3166",
          "code" : "CL",
          "display" : "Chile"
        }]
      }],
      "expansion" : {
        "identifier" : "urn:uuid:556091e5-02a8-455a-90c2-a73a7d57ff37",
        "timestamp" : "2025-03-06T08:21:42-03:00",
        "total" : 5,
        "offset" : 0,
        "parameter" : [{
          "name" : "count",
          "valueInteger" : 1000
        },
        {
          "name" : "offset",
          "valueInteger" : 0
        },
        {
          "name" : "excludeNested",
          "valueBoolean" : false
        },
        {
          "name" : "used-codesystem",
          "valueUri" : "https://hl7chile.cl/fhir/ig/sigescg/CodeSystem/CSMarca|0.1.0"
        }],
        "contains" : [{
          "system" : "https://hl7chile.cl/fhir/ig/sigescg/CodeSystem/CSMarca",
          "code" : "01",
          "display" : "PRAIS"
        },
        {
          "system" : "https://hl7chile.cl/fhir/ig/sigescg/CodeSystem/CSMarca",
          "code" : "02",
          "display" : "ANTUCO"
        },
        {
          "system" : "https://hl7chile.cl/fhir/ig/sigescg/CodeSystem/CSMarca",
          "code" : "03",
          "display" : "DIRIGENTE VECINAL"
        },
        {
          "system" : "https://hl7chile.cl/fhir/ig/sigescg/CodeSystem/CSMarca",
          "code" : "04",
          "display" : "PRI LONCO"
        },
        {
          "system" : "https://hl7chile.cl/fhir/ig/sigescg/CodeSystem/CSMarca",
          "code" : "05",
          "display" : "PRI LEMUN"
        }]
      }
    }
  },
  {
    "fullUrl" : "https://hl7chile.cl/fhir/ig/sigescg/ValueSet/VSOpcionesCierre",
    "resource" : {
      "resourceType" : "ValueSet",
      "text" : {
        "status" : "generated",
        "div" : "<div xmlns=\"http://www.w3.org/1999/xhtml\"><p class=\"res-header-id\"><b>Generated Narrative: ValueSet </b></p><p style=\"border: black 1px dotted; background-color: #EEEEEE; padding: 8px; margin-bottom: 8px\">Expansion done internally based on <a href=\"CodeSystem-CSOpcionesCierre.html\">codesystem Códigos opciones para Cierre o Extensión v0.1.0 (CodeSystem)</a></p><p>This value set contains 3 concepts</p><table class=\"codes\"><tr><td style=\"white-space:nowrap\"><b>Code</b></td><td><b>System</b></td><td><b>Display</b></td></tr><tr><td style=\"white-space:nowrap\"><a name=\"x-https://hl7chile.cl/fhir/ig/sigescg/CodeSystem/CSOpcionesCierre-1\"> </a>\u00a0\u00a0<a href=\"CodeSystem-CSOpcionesCierre.html#CSOpcionesCierre-1\">1</a></td><td>https://hl7chile.cl/fhir/ig/sigescg/CodeSystem/CSOpcionesCierre</td><td>Cierra Caso</td></tr><tr><td style=\"white-space:nowrap\"><a name=\"x-https://hl7chile.cl/fhir/ig/sigescg/CodeSystem/CSOpcionesCierre-2\"> </a>\u00a0\u00a0<a href=\"CodeSystem-CSOpcionesCierre.html#CSOpcionesCierre-2\">2</a></td><td>https://hl7chile.cl/fhir/ig/sigescg/CodeSystem/CSOpcionesCierre</td><td>Excepción Garantía</td></tr><tr><td style=\"white-space:nowrap\"><a name=\"x-https://hl7chile.cl/fhir/ig/sigescg/CodeSystem/CSOpcionesCierre-3\"> </a>\u00a0\u00a0<a href=\"CodeSystem-CSOpcionesCierre.html#CSOpcionesCierre-3\">3</a></td><td>https://hl7chile.cl/fhir/ig/sigescg/CodeSystem/CSOpcionesCierre</td><td>Cierre Garantía Oportunidad</td></tr></table></div>"
      },
      "url" : "https://hl7chile.cl/fhir/ig/sigescg/ValueSet/VSOpcionesCierre",
      "version" : "0.1.0",
      "name" : "VSOpcionesCierre",
      "title" : "Códigos opciones para Cierre o Extensión",
      "status" : "active",
      "experimental" : false,
      "date" : "2025-03-06T08:20:26-03:00",
      "jurisdiction" : [{
        "coding" : [{
          "system" : "urn:iso:std:iso:3166",
          "code" : "CL",
          "display" : "Chile"
        }]
      }],
      "expansion" : {
        "identifier" : "urn:uuid:d5eca0ba-73dd-434d-8bb3-f8780fbe4017",
        "timestamp" : "2025-03-06T08:21:43-03:00",
        "total" : 3,
        "offset" : 0,
        "parameter" : [{
          "name" : "count",
          "valueInteger" : 1000
        },
        {
          "name" : "offset",
          "valueInteger" : 0
        },
        {
          "name" : "excludeNested",
          "valueBoolean" : false
        },
        {
          "name" : "used-codesystem",
          "valueUri" : "https://hl7chile.cl/fhir/ig/sigescg/CodeSystem/CSOpcionesCierre|0.1.0"
        }],
        "contains" : [{
          "system" : "https://hl7chile.cl/fhir/ig/sigescg/CodeSystem/CSOpcionesCierre",
          "code" : "1",
          "display" : "Cierra Caso"
        },
        {
          "system" : "https://hl7chile.cl/fhir/ig/sigescg/CodeSystem/CSOpcionesCierre",
          "code" : "2",
          "display" : "Excepción Garantía"
        },
        {
          "system" : "https://hl7chile.cl/fhir/ig/sigescg/CodeSystem/CSOpcionesCierre",
          "code" : "3",
          "display" : "Cierre Garantía Oportunidad"
        }]
      }
    }
  },
  {
    "fullUrl" : "https://hl7chile.cl/fhir/ig/sigescg/ValueSet/VSPrestacion",
    "resource" : {
      "resourceType" : "ValueSet",
      "text" : {
        "status" : "generated",
        "div" : "<div xmlns=\"http://www.w3.org/1999/xhtml\"><p class=\"res-header-id\"><b>Generated Narrative: ValueSet </b></p><p style=\"border: black 1px dotted; background-color: #EEEEEE; padding: 8px; margin-bottom: 8px\">Expansion done internally based on <a href=\"CodeSystem-CSPrestacion.html\">codesystem Códigos de prestaciones v0.1.0 (CodeSystem)</a></p><p>This value set contains 1 concepts</p><table class=\"codes\"><tr><td style=\"white-space:nowrap\"><b>Code</b></td><td><b>System</b></td><td><b>Display</b></td></tr><tr><td style=\"white-space:nowrap\"><a name=\"x-https://hl7chile.cl/fhir/ig/sigescg/CodeSystem/CSPrestacion-1\"> </a>\u00a0\u00a0<a href=\"CodeSystem-CSPrestacion.html#CSPrestacion-1\">1</a></td><td>https://hl7chile.cl/fhir/ig/sigescg/CodeSystem/CSPrestacion</td><td>Prestacion1</td></tr></table></div>"
      },
      "url" : "https://hl7chile.cl/fhir/ig/sigescg/ValueSet/VSPrestacion",
      "version" : "0.1.0",
      "name" : "VSPrestacion",
      "title" : "Códigos de prestaciones",
      "status" : "active",
      "experimental" : false,
      "date" : "2025-03-06T08:20:26-03:00",
      "jurisdiction" : [{
        "coding" : [{
          "system" : "urn:iso:std:iso:3166",
          "code" : "CL",
          "display" : "Chile"
        }]
      }],
      "expansion" : {
        "identifier" : "urn:uuid:e8f2aa81-8491-428a-b33b-2bd18ec450e1",
        "timestamp" : "2025-03-06T08:21:43-03:00",
        "total" : 1,
        "offset" : 0,
        "parameter" : [{
          "name" : "count",
          "valueInteger" : 1000
        },
        {
          "name" : "offset",
          "valueInteger" : 0
        },
        {
          "name" : "excludeNested",
          "valueBoolean" : false
        },
        {
          "name" : "used-codesystem",
          "valueUri" : "https://hl7chile.cl/fhir/ig/sigescg/CodeSystem/CSPrestacion|0.1.0"
        }],
        "contains" : [{
          "system" : "https://hl7chile.cl/fhir/ig/sigescg/CodeSystem/CSPrestacion",
          "code" : "1",
          "display" : "Prestacion1"
        }]
      }
    }
  },
  {
    "fullUrl" : "https://hl7chile.cl/fhir/ig/sigescg/ValueSet/VSPrevision",
    "resource" : {
      "resourceType" : "ValueSet",
      "text" : {
        "status" : "generated",
        "div" : "<div xmlns=\"http://www.w3.org/1999/xhtml\"><p class=\"res-header-id\"><b>Generated Narrative: ValueSet </b></p><p style=\"border: black 1px dotted; background-color: #EEEEEE; padding: 8px; margin-bottom: 8px\">Expansion done internally based on <a href=\"CodeSystem-CSPrevision.html\">codesystem CS Prevision v0.1.0 (CodeSystem)</a></p><p>This value set contains 7 concepts</p><table class=\"codes\"><tr><td style=\"white-space:nowrap\"><b>Code</b></td><td><b>System</b></td><td><b>Display</b></td></tr><tr><td style=\"white-space:nowrap\"><a name=\"x-https://hl7chile.cl/fhir/ig/sigescg/CodeSystem/CSPrevision-01\"> </a>\u00a0\u00a0<a href=\"CodeSystem-CSPrevision.html#CSPrevision-01\">01</a></td><td>https://hl7chile.cl/fhir/ig/sigescg/CodeSystem/CSPrevision</td><td>FONASA</td></tr><tr><td style=\"white-space:nowrap\"><a name=\"x-https://hl7chile.cl/fhir/ig/sigescg/CodeSystem/CSPrevision-02\"> </a>\u00a0\u00a0<a href=\"CodeSystem-CSPrevision.html#CSPrevision-02\">02</a></td><td>https://hl7chile.cl/fhir/ig/sigescg/CodeSystem/CSPrevision</td><td>ISAPRE</td></tr><tr><td style=\"white-space:nowrap\"><a name=\"x-https://hl7chile.cl/fhir/ig/sigescg/CodeSystem/CSPrevision-03\"> </a>\u00a0\u00a0<a href=\"CodeSystem-CSPrevision.html#CSPrevision-03\">03</a></td><td>https://hl7chile.cl/fhir/ig/sigescg/CodeSystem/CSPrevision</td><td>CAPREDENA</td></tr><tr><td style=\"white-space:nowrap\"><a name=\"x-https://hl7chile.cl/fhir/ig/sigescg/CodeSystem/CSPrevision-04\"> </a>\u00a0\u00a0<a href=\"CodeSystem-CSPrevision.html#CSPrevision-04\">04</a></td><td>https://hl7chile.cl/fhir/ig/sigescg/CodeSystem/CSPrevision</td><td>DIPRECA</td></tr><tr><td style=\"white-space:nowrap\"><a name=\"x-https://hl7chile.cl/fhir/ig/sigescg/CodeSystem/CSPrevision-05\"> </a>\u00a0\u00a0<a href=\"CodeSystem-CSPrevision.html#CSPrevision-05\">05</a></td><td>https://hl7chile.cl/fhir/ig/sigescg/CodeSystem/CSPrevision</td><td>SISA</td></tr><tr><td style=\"white-space:nowrap\"><a name=\"x-https://hl7chile.cl/fhir/ig/sigescg/CodeSystem/CSPrevision-96\"> </a>\u00a0\u00a0<a href=\"CodeSystem-CSPrevision.html#CSPrevision-96\">96</a></td><td>https://hl7chile.cl/fhir/ig/sigescg/CodeSystem/CSPrevision</td><td>NINGUNA</td></tr><tr><td style=\"white-space:nowrap\"><a name=\"x-https://hl7chile.cl/fhir/ig/sigescg/CodeSystem/CSPrevision-99\"> </a>\u00a0\u00a0<a href=\"CodeSystem-CSPrevision.html#CSPrevision-99\">99</a></td><td>https://hl7chile.cl/fhir/ig/sigescg/CodeSystem/CSPrevision</td><td>DESCONOCIDO</td></tr></table></div>"
      },
      "url" : "https://hl7chile.cl/fhir/ig/sigescg/ValueSet/VSPrevision",
      "version" : "0.1.0",
      "name" : "VSPrevision",
      "title" : "VS Prevision",
      "status" : "active",
      "experimental" : false,
      "date" : "2025-03-06T08:20:26-03:00",
      "jurisdiction" : [{
        "coding" : [{
          "system" : "urn:iso:std:iso:3166",
          "code" : "CL",
          "display" : "Chile"
        }]
      }],
      "expansion" : {
        "identifier" : "urn:uuid:dace06cb-a7e4-4699-b866-b9374b900868",
        "timestamp" : "2025-03-06T08:21:43-03:00",
        "total" : 7,
        "offset" : 0,
        "parameter" : [{
          "name" : "count",
          "valueInteger" : 1000
        },
        {
          "name" : "offset",
          "valueInteger" : 0
        },
        {
          "name" : "excludeNested",
          "valueBoolean" : false
        },
        {
          "name" : "used-codesystem",
          "valueUri" : "https://hl7chile.cl/fhir/ig/sigescg/CodeSystem/CSPrevision|0.1.0"
        }],
        "contains" : [{
          "system" : "https://hl7chile.cl/fhir/ig/sigescg/CodeSystem/CSPrevision",
          "code" : "01",
          "display" : "FONASA"
        },
        {
          "system" : "https://hl7chile.cl/fhir/ig/sigescg/CodeSystem/CSPrevision",
          "code" : "02",
          "display" : "ISAPRE"
        },
        {
          "system" : "https://hl7chile.cl/fhir/ig/sigescg/CodeSystem/CSPrevision",
          "code" : "03",
          "display" : "CAPREDENA"
        },
        {
          "system" : "https://hl7chile.cl/fhir/ig/sigescg/CodeSystem/CSPrevision",
          "code" : "04",
          "display" : "DIPRECA"
        },
        {
          "system" : "https://hl7chile.cl/fhir/ig/sigescg/CodeSystem/CSPrevision",
          "code" : "05",
          "display" : "SISA"
        },
        {
          "system" : "https://hl7chile.cl/fhir/ig/sigescg/CodeSystem/CSPrevision",
          "code" : "96",
          "display" : "NINGUNA"
        },
        {
          "system" : "https://hl7chile.cl/fhir/ig/sigescg/CodeSystem/CSPrevision",
          "code" : "99",
          "display" : "DESCONOCIDO"
        }]
      }
    }
  },
  {
    "fullUrl" : "https://hl7chile.cl/fhir/ig/sigescg/ValueSet/VSProbSalud",
    "resource" : {
      "resourceType" : "ValueSet",
      "text" : {
        "status" : "generated",
        "div" : "<div xmlns=\"http://www.w3.org/1999/xhtml\"><p class=\"res-header-id\"><b>Generated Narrative: ValueSet </b></p><p style=\"border: black 1px dotted; background-color: #EEEEEE; padding: 8px; margin-bottom: 8px\">Expansion done internally based on <a href=\"CodeSystem-CSProbSalud.html\">codesystem Códigos de Problemas de Salud v0.1.0 (CodeSystem)</a></p><p>This value set contains 87 concepts</p><table class=\"codes\"><tr><td style=\"white-space:nowrap\"><b>Code</b></td><td><b>System</b></td><td><b>Display</b></td></tr><tr><td style=\"white-space:nowrap\"><a name=\"x-https://hl7chile.cl/fhir/ig/sigescg/CodeSystem/CSProbSalud-1\"> </a>\u00a0\u00a0<a href=\"CodeSystem-CSProbSalud.html#CSProbSalud-1\">1</a></td><td>https://hl7chile.cl/fhir/ig/sigescg/CodeSystem/CSProbSalud</td><td>NFERMEDAD RENAL CRÓNICA ETAPA 4 Y 5</td></tr><tr><td style=\"white-space:nowrap\"><a name=\"x-https://hl7chile.cl/fhir/ig/sigescg/CodeSystem/CSProbSalud-2\"> </a>\u00a0\u00a0<a href=\"CodeSystem-CSProbSalud.html#CSProbSalud-2\">2</a></td><td>https://hl7chile.cl/fhir/ig/sigescg/CodeSystem/CSProbSalud</td><td>ardiopatías Congénitas Operables en Personas Menores de 15 Años</td></tr><tr><td style=\"white-space:nowrap\"><a name=\"x-https://hl7chile.cl/fhir/ig/sigescg/CodeSystem/CSProbSalud-3\"> </a>\u00a0\u00a0<a href=\"CodeSystem-CSProbSalud.html#CSProbSalud-3\">3</a></td><td>https://hl7chile.cl/fhir/ig/sigescg/CodeSystem/CSProbSalud</td><td>ÁNCER CERVICOUTERINO</td></tr><tr><td style=\"white-space:nowrap\"><a name=\"x-https://hl7chile.cl/fhir/ig/sigescg/CodeSystem/CSProbSalud-4\"> </a>\u00a0\u00a0<a href=\"CodeSystem-CSProbSalud.html#CSProbSalud-4\">4</a></td><td>https://hl7chile.cl/fhir/ig/sigescg/CodeSystem/CSProbSalud</td><td>LIVIO DEL DOLOR POR CÁNCER AVANZADO Y CUIDADOS PALIATIVOS</td></tr><tr><td style=\"white-space:nowrap\"><a name=\"x-https://hl7chile.cl/fhir/ig/sigescg/CodeSystem/CSProbSalud-5\"> </a>\u00a0\u00a0<a href=\"CodeSystem-CSProbSalud.html#CSProbSalud-5\">5</a></td><td>https://hl7chile.cl/fhir/ig/sigescg/CodeSystem/CSProbSalud</td><td>NFARTO AGUDO DEL MIOCARDIO</td></tr><tr><td style=\"white-space:nowrap\"><a name=\"x-https://hl7chile.cl/fhir/ig/sigescg/CodeSystem/CSProbSalud-6\"> </a>\u00a0\u00a0<a href=\"CodeSystem-CSProbSalud.html#CSProbSalud-6\">6</a></td><td>https://hl7chile.cl/fhir/ig/sigescg/CodeSystem/CSProbSalud</td><td>IABETES MELLITUS TIPO 1</td></tr><tr><td style=\"white-space:nowrap\"><a name=\"x-https://hl7chile.cl/fhir/ig/sigescg/CodeSystem/CSProbSalud-7\"> </a>\u00a0\u00a0<a href=\"CodeSystem-CSProbSalud.html#CSProbSalud-7\">7</a></td><td>https://hl7chile.cl/fhir/ig/sigescg/CodeSystem/CSProbSalud</td><td>IABETES MELLITUS TIPO 2</td></tr><tr><td style=\"white-space:nowrap\"><a name=\"x-https://hl7chile.cl/fhir/ig/sigescg/CodeSystem/CSProbSalud-8\"> </a>\u00a0\u00a0<a href=\"CodeSystem-CSProbSalud.html#CSProbSalud-8\">8</a></td><td>https://hl7chile.cl/fhir/ig/sigescg/CodeSystem/CSProbSalud</td><td>ÁNCER DE MAMA EN PERSONAS DE 15 AÑOS Y MÁS</td></tr><tr><td style=\"white-space:nowrap\"><a name=\"x-https://hl7chile.cl/fhir/ig/sigescg/CodeSystem/CSProbSalud-9\"> </a>\u00a0\u00a0<a href=\"CodeSystem-CSProbSalud.html#CSProbSalud-9\">9</a></td><td>https://hl7chile.cl/fhir/ig/sigescg/CodeSystem/CSProbSalud</td><td>ISRAFIAS ESPINALES</td></tr><tr><td style=\"white-space:nowrap\"><a name=\"x-https://hl7chile.cl/fhir/ig/sigescg/CodeSystem/CSProbSalud-10\"> </a>\u00a0\u00a0<a href=\"CodeSystem-CSProbSalud.html#CSProbSalud-10\">10</a></td><td>https://hl7chile.cl/fhir/ig/sigescg/CodeSystem/CSProbSalud</td><td>TRATAMIENTO QUIRÚRGICO DE ESCOLIOSIS EN MENORES DE 25 AÑOS</td></tr><tr><td style=\"white-space:nowrap\"><a name=\"x-https://hl7chile.cl/fhir/ig/sigescg/CodeSystem/CSProbSalud-11\"> </a>\u00a0\u00a0<a href=\"CodeSystem-CSProbSalud.html#CSProbSalud-11\">11</a></td><td>https://hl7chile.cl/fhir/ig/sigescg/CodeSystem/CSProbSalud</td><td>TRATAMIENTO QUIRÚRGICO DE CATARATAS</td></tr><tr><td style=\"white-space:nowrap\"><a name=\"x-https://hl7chile.cl/fhir/ig/sigescg/CodeSystem/CSProbSalud-12\"> </a>\u00a0\u00a0<a href=\"CodeSystem-CSProbSalud.html#CSProbSalud-12\">12</a></td><td>https://hl7chile.cl/fhir/ig/sigescg/CodeSystem/CSProbSalud</td><td>ENDOPROTESIS TOTAL DE CADERA EN PERSONAS DE 65 AÑOS Y MÁS CON ARTROSIS DE CADERA CON LIMITACIÓN FUNCIONAL SEVERA</td></tr><tr><td style=\"white-space:nowrap\"><a name=\"x-https://hl7chile.cl/fhir/ig/sigescg/CodeSystem/CSProbSalud-13\"> </a>\u00a0\u00a0<a href=\"CodeSystem-CSProbSalud.html#CSProbSalud-13\">13</a></td><td>https://hl7chile.cl/fhir/ig/sigescg/CodeSystem/CSProbSalud</td><td>FISURA LABIOPALATINA</td></tr><tr><td style=\"white-space:nowrap\"><a name=\"x-https://hl7chile.cl/fhir/ig/sigescg/CodeSystem/CSProbSalud-14\"> </a>\u00a0\u00a0<a href=\"CodeSystem-CSProbSalud.html#CSProbSalud-14\">14</a></td><td>https://hl7chile.cl/fhir/ig/sigescg/CodeSystem/CSProbSalud</td><td>CÁNCER EN MENORES DE 15 AÑOS</td></tr><tr><td style=\"white-space:nowrap\"><a name=\"x-https://hl7chile.cl/fhir/ig/sigescg/CodeSystem/CSProbSalud-15\"> </a>\u00a0\u00a0<a href=\"CodeSystem-CSProbSalud.html#CSProbSalud-15\">15</a></td><td>https://hl7chile.cl/fhir/ig/sigescg/CodeSystem/CSProbSalud</td><td>ESQUIZOFRENIA</td></tr><tr><td style=\"white-space:nowrap\"><a name=\"x-https://hl7chile.cl/fhir/ig/sigescg/CodeSystem/CSProbSalud-16\"> </a>\u00a0\u00a0<a href=\"CodeSystem-CSProbSalud.html#CSProbSalud-16\">16</a></td><td>https://hl7chile.cl/fhir/ig/sigescg/CodeSystem/CSProbSalud</td><td>CÁNCER DE TESTÍCULO EN PERSONAS DE 15 AÑOS Y MÁS</td></tr><tr><td style=\"white-space:nowrap\"><a name=\"x-https://hl7chile.cl/fhir/ig/sigescg/CodeSystem/CSProbSalud-17\"> </a>\u00a0\u00a0<a href=\"CodeSystem-CSProbSalud.html#CSProbSalud-17\">17</a></td><td>https://hl7chile.cl/fhir/ig/sigescg/CodeSystem/CSProbSalud</td><td>LINFOMAS EN PERSONAS DE 15 AÑOS Y MÁS</td></tr><tr><td style=\"white-space:nowrap\"><a name=\"x-https://hl7chile.cl/fhir/ig/sigescg/CodeSystem/CSProbSalud-18\"> </a>\u00a0\u00a0<a href=\"CodeSystem-CSProbSalud.html#CSProbSalud-18\">18</a></td><td>https://hl7chile.cl/fhir/ig/sigescg/CodeSystem/CSProbSalud</td><td>SÍNDROME DE LA INMUNODEFICIENCIA ADQUIRIDA VIH/SIDA</td></tr><tr><td style=\"white-space:nowrap\"><a name=\"x-https://hl7chile.cl/fhir/ig/sigescg/CodeSystem/CSProbSalud-19\"> </a>\u00a0\u00a0<a href=\"CodeSystem-CSProbSalud.html#CSProbSalud-19\">19</a></td><td>https://hl7chile.cl/fhir/ig/sigescg/CodeSystem/CSProbSalud</td><td>INFECCIÓN RESPIRATORIA AGUDA (IRA) BAJA DE MANEJO AMBULATORIO EN MENORES DE 5 AÑOS</td></tr><tr><td style=\"white-space:nowrap\"><a name=\"x-https://hl7chile.cl/fhir/ig/sigescg/CodeSystem/CSProbSalud-20\"> </a>\u00a0\u00a0<a href=\"CodeSystem-CSProbSalud.html#CSProbSalud-20\">20</a></td><td>https://hl7chile.cl/fhir/ig/sigescg/CodeSystem/CSProbSalud</td><td>NEUMONIA ADQUIRIDA EN LA COMUNIDAD DE MANEJO AMBULATORIO EN PERSONAS DE 65 AÑOS Y MÁS</td></tr><tr><td style=\"white-space:nowrap\"><a name=\"x-https://hl7chile.cl/fhir/ig/sigescg/CodeSystem/CSProbSalud-21\"> </a>\u00a0\u00a0<a href=\"CodeSystem-CSProbSalud.html#CSProbSalud-21\">21</a></td><td>https://hl7chile.cl/fhir/ig/sigescg/CodeSystem/CSProbSalud</td><td>HIPERTENSIÓN ARTERIAL PRIMARIA O ESENCIAL EN PERSONAS DE 15 AÑOS Y MÁS</td></tr><tr><td style=\"white-space:nowrap\"><a name=\"x-https://hl7chile.cl/fhir/ig/sigescg/CodeSystem/CSProbSalud-22\"> </a>\u00a0\u00a0<a href=\"CodeSystem-CSProbSalud.html#CSProbSalud-22\">22</a></td><td>https://hl7chile.cl/fhir/ig/sigescg/CodeSystem/CSProbSalud</td><td>EPILEPSIA NO REFRACTARIA EN PERSONAS DESDE 1 AÑO Y MENORES DE 15 AÑOS</td></tr><tr><td style=\"white-space:nowrap\"><a name=\"x-https://hl7chile.cl/fhir/ig/sigescg/CodeSystem/CSProbSalud-23\"> </a>\u00a0\u00a0<a href=\"CodeSystem-CSProbSalud.html#CSProbSalud-23\">23</a></td><td>https://hl7chile.cl/fhir/ig/sigescg/CodeSystem/CSProbSalud</td><td>SALUD ORAL INTEGRAL PARA NIÑOS DE 6 AÑOS</td></tr><tr><td style=\"white-space:nowrap\"><a name=\"x-https://hl7chile.cl/fhir/ig/sigescg/CodeSystem/CSProbSalud-24\"> </a>\u00a0\u00a0<a href=\"CodeSystem-CSProbSalud.html#CSProbSalud-24\">24</a></td><td>https://hl7chile.cl/fhir/ig/sigescg/CodeSystem/CSProbSalud</td><td>PREVENCIÓN DE PARTO PREMATURO</td></tr><tr><td style=\"white-space:nowrap\"><a name=\"x-https://hl7chile.cl/fhir/ig/sigescg/CodeSystem/CSProbSalud-25\"> </a>\u00a0\u00a0<a href=\"CodeSystem-CSProbSalud.html#CSProbSalud-25\">25</a></td><td>https://hl7chile.cl/fhir/ig/sigescg/CodeSystem/CSProbSalud</td><td>TRASTORNOS DE GENERACIÓN DEL IMPULSO Y CONDUCCIÓN EN PERSONAS DE 15 AÑOS Y MÁS, QUE REQUIEREN MARCAPASO.</td></tr><tr><td style=\"white-space:nowrap\"><a name=\"x-https://hl7chile.cl/fhir/ig/sigescg/CodeSystem/CSProbSalud-26\"> </a>\u00a0\u00a0<a href=\"CodeSystem-CSProbSalud.html#CSProbSalud-26\">26</a></td><td>https://hl7chile.cl/fhir/ig/sigescg/CodeSystem/CSProbSalud</td><td>COLECISTECTOMÍA PREVENTIVA DEL CÁNCER DE VESÍCULA EN PERSONAS DE 35 A 49 AÑOS</td></tr><tr><td style=\"white-space:nowrap\"><a name=\"x-https://hl7chile.cl/fhir/ig/sigescg/CodeSystem/CSProbSalud-27\"> </a>\u00a0\u00a0<a href=\"CodeSystem-CSProbSalud.html#CSProbSalud-27\">27</a></td><td>https://hl7chile.cl/fhir/ig/sigescg/CodeSystem/CSProbSalud</td><td>CÁNCER GÁSTRICO</td></tr><tr><td style=\"white-space:nowrap\"><a name=\"x-https://hl7chile.cl/fhir/ig/sigescg/CodeSystem/CSProbSalud-28\"> </a>\u00a0\u00a0<a href=\"CodeSystem-CSProbSalud.html#CSProbSalud-28\">28</a></td><td>https://hl7chile.cl/fhir/ig/sigescg/CodeSystem/CSProbSalud</td><td>CÁNCER DE PRÓSTATA EN PERSONAS DE 15 AÑOS Y MÁS</td></tr><tr><td style=\"white-space:nowrap\"><a name=\"x-https://hl7chile.cl/fhir/ig/sigescg/CodeSystem/CSProbSalud-29\"> </a>\u00a0\u00a0<a href=\"CodeSystem-CSProbSalud.html#CSProbSalud-29\">29</a></td><td>https://hl7chile.cl/fhir/ig/sigescg/CodeSystem/CSProbSalud</td><td>VICIOS DE REFRACCIÓN EN PERSONAS DE 65 AÑOS Y MÁS</td></tr><tr><td style=\"white-space:nowrap\"><a name=\"x-https://hl7chile.cl/fhir/ig/sigescg/CodeSystem/CSProbSalud-30\"> </a>\u00a0\u00a0<a href=\"CodeSystem-CSProbSalud.html#CSProbSalud-30\">30</a></td><td>https://hl7chile.cl/fhir/ig/sigescg/CodeSystem/CSProbSalud</td><td>ESTRABISMO EN MENORES DE 9 AÑOS</td></tr><tr><td style=\"white-space:nowrap\"><a name=\"x-https://hl7chile.cl/fhir/ig/sigescg/CodeSystem/CSProbSalud-31\"> </a>\u00a0\u00a0<a href=\"CodeSystem-CSProbSalud.html#CSProbSalud-31\">31</a></td><td>https://hl7chile.cl/fhir/ig/sigescg/CodeSystem/CSProbSalud</td><td>RETINOPATÍA DIABÉTICA</td></tr><tr><td style=\"white-space:nowrap\"><a name=\"x-https://hl7chile.cl/fhir/ig/sigescg/CodeSystem/CSProbSalud-32\"> </a>\u00a0\u00a0<a href=\"CodeSystem-CSProbSalud.html#CSProbSalud-32\">32</a></td><td>https://hl7chile.cl/fhir/ig/sigescg/CodeSystem/CSProbSalud</td><td>DESPRENDIMIENTO DE RETINA REGMATÓGENO NO TRAUMÁTICO.</td></tr><tr><td style=\"white-space:nowrap\"><a name=\"x-https://hl7chile.cl/fhir/ig/sigescg/CodeSystem/CSProbSalud-33\"> </a>\u00a0\u00a0<a href=\"CodeSystem-CSProbSalud.html#CSProbSalud-33\">33</a></td><td>https://hl7chile.cl/fhir/ig/sigescg/CodeSystem/CSProbSalud</td><td>HEMOFILIA</td></tr><tr><td style=\"white-space:nowrap\"><a name=\"x-https://hl7chile.cl/fhir/ig/sigescg/CodeSystem/CSProbSalud-34\"> </a>\u00a0\u00a0<a href=\"CodeSystem-CSProbSalud.html#CSProbSalud-34\">34</a></td><td>https://hl7chile.cl/fhir/ig/sigescg/CodeSystem/CSProbSalud</td><td>DEPRESIÓN EN PERSONAS DE 15 AÑOS Y MÁS</td></tr><tr><td style=\"white-space:nowrap\"><a name=\"x-https://hl7chile.cl/fhir/ig/sigescg/CodeSystem/CSProbSalud-35\"> </a>\u00a0\u00a0<a href=\"CodeSystem-CSProbSalud.html#CSProbSalud-35\">35</a></td><td>https://hl7chile.cl/fhir/ig/sigescg/CodeSystem/CSProbSalud</td><td>TRATAMIENTO QUIRURGICO DE LA HIPERPLASIA BENIGNA DE LA PRÓSTATA EN PERSONAS SINTOMÁTICAS</td></tr><tr><td style=\"white-space:nowrap\"><a name=\"x-https://hl7chile.cl/fhir/ig/sigescg/CodeSystem/CSProbSalud-36\"> </a>\u00a0\u00a0<a href=\"CodeSystem-CSProbSalud.html#CSProbSalud-36\">36</a></td><td>https://hl7chile.cl/fhir/ig/sigescg/CodeSystem/CSProbSalud</td><td>Ayudas técnicas para personas de 65 años y más</td></tr><tr><td style=\"white-space:nowrap\"><a name=\"x-https://hl7chile.cl/fhir/ig/sigescg/CodeSystem/CSProbSalud-37\"> </a>\u00a0\u00a0<a href=\"CodeSystem-CSProbSalud.html#CSProbSalud-37\">37</a></td><td>https://hl7chile.cl/fhir/ig/sigescg/CodeSystem/CSProbSalud</td><td>Ataque Cerebrovascular Isquémico  en personas de 15 años y más</td></tr><tr><td style=\"white-space:nowrap\"><a name=\"x-https://hl7chile.cl/fhir/ig/sigescg/CodeSystem/CSProbSalud-38\"> </a>\u00a0\u00a0<a href=\"CodeSystem-CSProbSalud.html#CSProbSalud-38\">38</a></td><td>https://hl7chile.cl/fhir/ig/sigescg/CodeSystem/CSProbSalud</td><td>ENFERMEDAD PULMONAR OBSTRUCTIVA CRÓNICA DE TRATAMIENTO AMBULATORIO</td></tr><tr><td style=\"white-space:nowrap\"><a name=\"x-https://hl7chile.cl/fhir/ig/sigescg/CodeSystem/CSProbSalud-39\"> </a>\u00a0\u00a0<a href=\"CodeSystem-CSProbSalud.html#CSProbSalud-39\">39</a></td><td>https://hl7chile.cl/fhir/ig/sigescg/CodeSystem/CSProbSalud</td><td>ASMA BRONQUIAL MODERADA Y GRAVE EN MENORES DE 15 AÑOS</td></tr><tr><td style=\"white-space:nowrap\"><a name=\"x-https://hl7chile.cl/fhir/ig/sigescg/CodeSystem/CSProbSalud-40\"> </a>\u00a0\u00a0<a href=\"CodeSystem-CSProbSalud.html#CSProbSalud-40\">40</a></td><td>https://hl7chile.cl/fhir/ig/sigescg/CodeSystem/CSProbSalud</td><td>SÍNDROME DE DIFICULTAD RESPIRATORIA EN EL RECIÉN NACIDO</td></tr><tr><td style=\"white-space:nowrap\"><a name=\"x-https://hl7chile.cl/fhir/ig/sigescg/CodeSystem/CSProbSalud-41\"> </a>\u00a0\u00a0<a href=\"CodeSystem-CSProbSalud.html#CSProbSalud-41\">41</a></td><td>https://hl7chile.cl/fhir/ig/sigescg/CodeSystem/CSProbSalud</td><td>TRATAMIENTO MÉDICO EN PERSONAS DE 55 AÑOS Y MÁS CON ARTROSIS DE CADERA Y/O RODILLA, LEVE O MODERADA</td></tr><tr><td style=\"white-space:nowrap\"><a name=\"x-https://hl7chile.cl/fhir/ig/sigescg/CodeSystem/CSProbSalud-42\"> </a>\u00a0\u00a0<a href=\"CodeSystem-CSProbSalud.html#CSProbSalud-42\">42</a></td><td>https://hl7chile.cl/fhir/ig/sigescg/CodeSystem/CSProbSalud</td><td>HEMORRAGIA SUBARACNOIDEA SECUNDARIA A RUPTURA DE ANEURISMAS CEREBRALES</td></tr><tr><td style=\"white-space:nowrap\"><a name=\"x-https://hl7chile.cl/fhir/ig/sigescg/CodeSystem/CSProbSalud-43\"> </a>\u00a0\u00a0<a href=\"CodeSystem-CSProbSalud.html#CSProbSalud-43\">43</a></td><td>https://hl7chile.cl/fhir/ig/sigescg/CodeSystem/CSProbSalud</td><td>TUMORES PRIMARIOS DEL SISTEMA NERVIOSO CENTRAL EN PERSONAS DE 15 AÑOS O MÁS</td></tr><tr><td style=\"white-space:nowrap\"><a name=\"x-https://hl7chile.cl/fhir/ig/sigescg/CodeSystem/CSProbSalud-44\"> </a>\u00a0\u00a0<a href=\"CodeSystem-CSProbSalud.html#CSProbSalud-44\">44</a></td><td>https://hl7chile.cl/fhir/ig/sigescg/CodeSystem/CSProbSalud</td><td>TRATAMIENTO QUIRÚRGICO DE HERNIA DEL NÚCLEO PULPOSO LUMBAR</td></tr><tr><td style=\"white-space:nowrap\"><a name=\"x-https://hl7chile.cl/fhir/ig/sigescg/CodeSystem/CSProbSalud-45\"> </a>\u00a0\u00a0<a href=\"CodeSystem-CSProbSalud.html#CSProbSalud-45\">45</a></td><td>https://hl7chile.cl/fhir/ig/sigescg/CodeSystem/CSProbSalud</td><td>LEUCEMIA EN PERSONAS DE 15 AÑOS Y MÁS</td></tr><tr><td style=\"white-space:nowrap\"><a name=\"x-https://hl7chile.cl/fhir/ig/sigescg/CodeSystem/CSProbSalud-47\"> </a>\u00a0\u00a0<a href=\"CodeSystem-CSProbSalud.html#CSProbSalud-47\">47</a></td><td>https://hl7chile.cl/fhir/ig/sigescg/CodeSystem/CSProbSalud</td><td>SALUD ORAL INTEGRAL DEL ADULTO DE 60 AÑOS</td></tr><tr><td style=\"white-space:nowrap\"><a name=\"x-https://hl7chile.cl/fhir/ig/sigescg/CodeSystem/CSProbSalud-48\"> </a>\u00a0\u00a0<a href=\"CodeSystem-CSProbSalud.html#CSProbSalud-48\">48</a></td><td>https://hl7chile.cl/fhir/ig/sigescg/CodeSystem/CSProbSalud</td><td>POLITRAUMATIZADO GRAVE</td></tr><tr><td style=\"white-space:nowrap\"><a name=\"x-https://hl7chile.cl/fhir/ig/sigescg/CodeSystem/CSProbSalud-49\"> </a>\u00a0\u00a0<a href=\"CodeSystem-CSProbSalud.html#CSProbSalud-49\">49</a></td><td>https://hl7chile.cl/fhir/ig/sigescg/CodeSystem/CSProbSalud</td><td>TRAUMATISMO CRÁNEO ENCEFÁLICO MODERADO O GRAVE</td></tr><tr><td style=\"white-space:nowrap\"><a name=\"x-https://hl7chile.cl/fhir/ig/sigescg/CodeSystem/CSProbSalud-50\"> </a>\u00a0\u00a0<a href=\"CodeSystem-CSProbSalud.html#CSProbSalud-50\">50</a></td><td>https://hl7chile.cl/fhir/ig/sigescg/CodeSystem/CSProbSalud</td><td>TRAUMA OCULAR GRAVE</td></tr><tr><td style=\"white-space:nowrap\"><a name=\"x-https://hl7chile.cl/fhir/ig/sigescg/CodeSystem/CSProbSalud-51\"> </a>\u00a0\u00a0<a href=\"CodeSystem-CSProbSalud.html#CSProbSalud-51\">51</a></td><td>https://hl7chile.cl/fhir/ig/sigescg/CodeSystem/CSProbSalud</td><td>FIBROSIS QUÍSTICA</td></tr><tr><td style=\"white-space:nowrap\"><a name=\"x-https://hl7chile.cl/fhir/ig/sigescg/CodeSystem/CSProbSalud-52\"> </a>\u00a0\u00a0<a href=\"CodeSystem-CSProbSalud.html#CSProbSalud-52\">52</a></td><td>https://hl7chile.cl/fhir/ig/sigescg/CodeSystem/CSProbSalud</td><td>ARTRITIS REUMATOIDEA</td></tr><tr><td style=\"white-space:nowrap\"><a name=\"x-https://hl7chile.cl/fhir/ig/sigescg/CodeSystem/CSProbSalud-53\"> </a>\u00a0\u00a0<a href=\"CodeSystem-CSProbSalud.html#CSProbSalud-53\">53</a></td><td>https://hl7chile.cl/fhir/ig/sigescg/CodeSystem/CSProbSalud</td><td>CONSUMO PERJUDICIAL O DEPENDENCIA DE RIESGO BAJO A MODERADO DE ALCOHOL Y DROGAS EN PERSONAS MENORES DE 20 AÑOS</td></tr><tr><td style=\"white-space:nowrap\"><a name=\"x-https://hl7chile.cl/fhir/ig/sigescg/CodeSystem/CSProbSalud-54\"> </a>\u00a0\u00a0<a href=\"CodeSystem-CSProbSalud.html#CSProbSalud-54\">54</a></td><td>https://hl7chile.cl/fhir/ig/sigescg/CodeSystem/CSProbSalud</td><td>ANALGESIA DEL PARTO</td></tr><tr><td style=\"white-space:nowrap\"><a name=\"x-https://hl7chile.cl/fhir/ig/sigescg/CodeSystem/CSProbSalud-55\"> </a>\u00a0\u00a0<a href=\"CodeSystem-CSProbSalud.html#CSProbSalud-55\">55</a></td><td>https://hl7chile.cl/fhir/ig/sigescg/CodeSystem/CSProbSalud</td><td>GRAN QUEMADO</td></tr><tr><td style=\"white-space:nowrap\"><a name=\"x-https://hl7chile.cl/fhir/ig/sigescg/CodeSystem/CSProbSalud-56\"> </a>\u00a0\u00a0<a href=\"CodeSystem-CSProbSalud.html#CSProbSalud-56\">56</a></td><td>https://hl7chile.cl/fhir/ig/sigescg/CodeSystem/CSProbSalud</td><td>HIPOACUSIA BILATERAL EN PERSONAS DE 65 AÑOS Y MÁS QUE REQUIEREN USO DE AUDÍFONO</td></tr><tr><td style=\"white-space:nowrap\"><a name=\"x-https://hl7chile.cl/fhir/ig/sigescg/CodeSystem/CSProbSalud-57\"> </a>\u00a0\u00a0<a href=\"CodeSystem-CSProbSalud.html#CSProbSalud-57\">57</a></td><td>https://hl7chile.cl/fhir/ig/sigescg/CodeSystem/CSProbSalud</td><td>RETINOPATÍA DEL PREMATURO</td></tr><tr><td style=\"white-space:nowrap\"><a name=\"x-https://hl7chile.cl/fhir/ig/sigescg/CodeSystem/CSProbSalud-58\"> </a>\u00a0\u00a0<a href=\"CodeSystem-CSProbSalud.html#CSProbSalud-58\">58</a></td><td>https://hl7chile.cl/fhir/ig/sigescg/CodeSystem/CSProbSalud</td><td>DISPLASIA BRONCOPULMONAR DEL PREMATURO</td></tr><tr><td style=\"white-space:nowrap\"><a name=\"x-https://hl7chile.cl/fhir/ig/sigescg/CodeSystem/CSProbSalud-59\"> </a>\u00a0\u00a0<a href=\"CodeSystem-CSProbSalud.html#CSProbSalud-59\">59</a></td><td>https://hl7chile.cl/fhir/ig/sigescg/CodeSystem/CSProbSalud</td><td>HIPOACUSIA NEUROSENSORIAL BILATERAL DEL PREMATURO</td></tr><tr><td style=\"white-space:nowrap\"><a name=\"x-https://hl7chile.cl/fhir/ig/sigescg/CodeSystem/CSProbSalud-60\"> </a>\u00a0\u00a0<a href=\"CodeSystem-CSProbSalud.html#CSProbSalud-60\">60</a></td><td>https://hl7chile.cl/fhir/ig/sigescg/CodeSystem/CSProbSalud</td><td>EPILEPSIA NO REFRACTARIA EN PERSONAS DE 15 AÑOS Y MÁS</td></tr><tr><td style=\"white-space:nowrap\"><a name=\"x-https://hl7chile.cl/fhir/ig/sigescg/CodeSystem/CSProbSalud-61\"> </a>\u00a0\u00a0<a href=\"CodeSystem-CSProbSalud.html#CSProbSalud-61\">61</a></td><td>https://hl7chile.cl/fhir/ig/sigescg/CodeSystem/CSProbSalud</td><td>ASMA BRONQUIAL EN PERSONAS DE 15 AÑOS Y</td></tr><tr><td style=\"white-space:nowrap\"><a name=\"x-https://hl7chile.cl/fhir/ig/sigescg/CodeSystem/CSProbSalud-62\"> </a>\u00a0\u00a0<a href=\"CodeSystem-CSProbSalud.html#CSProbSalud-62\">62</a></td><td>https://hl7chile.cl/fhir/ig/sigescg/CodeSystem/CSProbSalud</td><td>ENFERMEDAD DE PARKINSON</td></tr><tr><td style=\"white-space:nowrap\"><a name=\"x-https://hl7chile.cl/fhir/ig/sigescg/CodeSystem/CSProbSalud-63\"> </a>\u00a0\u00a0<a href=\"CodeSystem-CSProbSalud.html#CSProbSalud-63\">63</a></td><td>https://hl7chile.cl/fhir/ig/sigescg/CodeSystem/CSProbSalud</td><td>ARTRITIS IDIOPÁTICA JUVENIL</td></tr><tr><td style=\"white-space:nowrap\"><a name=\"x-https://hl7chile.cl/fhir/ig/sigescg/CodeSystem/CSProbSalud-64\"> </a>\u00a0\u00a0<a href=\"CodeSystem-CSProbSalud.html#CSProbSalud-64\">64</a></td><td>https://hl7chile.cl/fhir/ig/sigescg/CodeSystem/CSProbSalud</td><td>PREVENCION SECUNDARIA INSUFICIENCIA RENAL CRONICA TERMINAL</td></tr><tr><td style=\"white-space:nowrap\"><a name=\"x-https://hl7chile.cl/fhir/ig/sigescg/CodeSystem/CSProbSalud-65\"> </a>\u00a0\u00a0<a href=\"CodeSystem-CSProbSalud.html#CSProbSalud-65\">65</a></td><td>https://hl7chile.cl/fhir/ig/sigescg/CodeSystem/CSProbSalud</td><td>DISPLASIA LUXANTE DE CADERAS</td></tr><tr><td style=\"white-space:nowrap\"><a name=\"x-https://hl7chile.cl/fhir/ig/sigescg/CodeSystem/CSProbSalud-66\"> </a>\u00a0\u00a0<a href=\"CodeSystem-CSProbSalud.html#CSProbSalud-66\">66</a></td><td>https://hl7chile.cl/fhir/ig/sigescg/CodeSystem/CSProbSalud</td><td>SALUD ORAL INTEGRAL DE LA EMBARAZADA</td></tr><tr><td style=\"white-space:nowrap\"><a name=\"x-https://hl7chile.cl/fhir/ig/sigescg/CodeSystem/CSProbSalud-67\"> </a>\u00a0\u00a0<a href=\"CodeSystem-CSProbSalud.html#CSProbSalud-67\">67</a></td><td>https://hl7chile.cl/fhir/ig/sigescg/CodeSystem/CSProbSalud</td><td>ESCLEROSIS MÚLTIPLE RECURRENTE REMITENTE</td></tr><tr><td style=\"white-space:nowrap\"><a name=\"x-https://hl7chile.cl/fhir/ig/sigescg/CodeSystem/CSProbSalud-68\"> </a>\u00a0\u00a0<a href=\"CodeSystem-CSProbSalud.html#CSProbSalud-68\">68</a></td><td>https://hl7chile.cl/fhir/ig/sigescg/CodeSystem/CSProbSalud</td><td>HEPATITIS B</td></tr><tr><td style=\"white-space:nowrap\"><a name=\"x-https://hl7chile.cl/fhir/ig/sigescg/CodeSystem/CSProbSalud-69\"> </a>\u00a0\u00a0<a href=\"CodeSystem-CSProbSalud.html#CSProbSalud-69\">69</a></td><td>https://hl7chile.cl/fhir/ig/sigescg/CodeSystem/CSProbSalud</td><td>Hepatitis Crónica por Virus Hepatitis C</td></tr><tr><td style=\"white-space:nowrap\"><a name=\"x-https://hl7chile.cl/fhir/ig/sigescg/CodeSystem/CSProbSalud-78\"> </a>\u00a0\u00a0<a href=\"CodeSystem-CSProbSalud.html#CSProbSalud-78\">78</a></td><td>https://hl7chile.cl/fhir/ig/sigescg/CodeSystem/CSProbSalud</td><td>LUPUS ERITEMATOSO SISTÉMICO</td></tr><tr><td style=\"white-space:nowrap\"><a name=\"x-https://hl7chile.cl/fhir/ig/sigescg/CodeSystem/CSProbSalud-75\"> </a>\u00a0\u00a0<a href=\"CodeSystem-CSProbSalud.html#CSProbSalud-75\">75</a></td><td>https://hl7chile.cl/fhir/ig/sigescg/CodeSystem/CSProbSalud</td><td>Trastorno Bipolar 15 Años y Más</td></tr><tr><td style=\"white-space:nowrap\"><a name=\"x-https://hl7chile.cl/fhir/ig/sigescg/CodeSystem/CSProbSalud-72\"> </a>\u00a0\u00a0<a href=\"CodeSystem-CSProbSalud.html#CSProbSalud-72\">72</a></td><td>https://hl7chile.cl/fhir/ig/sigescg/CodeSystem/CSProbSalud</td><td>Cáncer Vesical 15 Años y Más</td></tr><tr><td style=\"white-space:nowrap\"><a name=\"x-https://hl7chile.cl/fhir/ig/sigescg/CodeSystem/CSProbSalud-80\"> </a>\u00a0\u00a0<a href=\"CodeSystem-CSProbSalud.html#CSProbSalud-80\">80</a></td><td>https://hl7chile.cl/fhir/ig/sigescg/CodeSystem/CSProbSalud</td><td>TRATAMIENTO ERRADICACIÓN HELICOBACTER PYLORI</td></tr><tr><td style=\"white-space:nowrap\"><a name=\"x-https://hl7chile.cl/fhir/ig/sigescg/CodeSystem/CSProbSalud-73\"> </a>\u00a0\u00a0<a href=\"CodeSystem-CSProbSalud.html#CSProbSalud-73\">73</a></td><td>https://hl7chile.cl/fhir/ig/sigescg/CodeSystem/CSProbSalud</td><td>Osteosarcoma 15 Años y Más</td></tr><tr><td style=\"white-space:nowrap\"><a name=\"x-https://hl7chile.cl/fhir/ig/sigescg/CodeSystem/CSProbSalud-71\"> </a>\u00a0\u00a0<a href=\"CodeSystem-CSProbSalud.html#CSProbSalud-71\">71</a></td><td>https://hl7chile.cl/fhir/ig/sigescg/CodeSystem/CSProbSalud</td><td>Cáncer de Ovario Epitelial</td></tr><tr><td style=\"white-space:nowrap\"><a name=\"x-https://hl7chile.cl/fhir/ig/sigescg/CodeSystem/CSProbSalud-76\"> </a>\u00a0\u00a0<a href=\"CodeSystem-CSProbSalud.html#CSProbSalud-76\">76</a></td><td>https://hl7chile.cl/fhir/ig/sigescg/CodeSystem/CSProbSalud</td><td>Hipotiroidismo en Personas de 15 Años y Más</td></tr><tr><td style=\"white-space:nowrap\"><a name=\"x-https://hl7chile.cl/fhir/ig/sigescg/CodeSystem/CSProbSalud-70\"> </a>\u00a0\u00a0<a href=\"CodeSystem-CSProbSalud.html#CSProbSalud-70\">70</a></td><td>https://hl7chile.cl/fhir/ig/sigescg/CodeSystem/CSProbSalud</td><td>Cáncer Colorectal 15 Años y Más</td></tr><tr><td style=\"white-space:nowrap\"><a name=\"x-https://hl7chile.cl/fhir/ig/sigescg/CodeSystem/CSProbSalud-74\"> </a>\u00a0\u00a0<a href=\"CodeSystem-CSProbSalud.html#CSProbSalud-74\">74</a></td><td>https://hl7chile.cl/fhir/ig/sigescg/CodeSystem/CSProbSalud</td><td>TRATAMIENTO QUIRÚRGICO VÁLVULA AÓRTICA 15 Y MÁS</td></tr><tr><td style=\"white-space:nowrap\"><a name=\"x-https://hl7chile.cl/fhir/ig/sigescg/CodeSystem/CSProbSalud-79\"> </a>\u00a0\u00a0<a href=\"CodeSystem-CSProbSalud.html#CSProbSalud-79\">79</a></td><td>https://hl7chile.cl/fhir/ig/sigescg/CodeSystem/CSProbSalud</td><td>TRATAMIENTO QUIRÚRGICO VÁLVULA MITRAL Y TRICÚSPIDE 15 Y MÁS</td></tr><tr><td style=\"white-space:nowrap\"><a name=\"x-https://hl7chile.cl/fhir/ig/sigescg/CodeSystem/CSProbSalud-77\"> </a>\u00a0\u00a0<a href=\"CodeSystem-CSProbSalud.html#CSProbSalud-77\">77</a></td><td>https://hl7chile.cl/fhir/ig/sigescg/CodeSystem/CSProbSalud</td><td>Tratamiento de Hipoacusia Moderada, Severa y Profunda en personas Menores de 4 Años</td></tr><tr><td style=\"white-space:nowrap\"><a name=\"x-https://hl7chile.cl/fhir/ig/sigescg/CodeSystem/CSProbSalud-46\"> </a>\u00a0\u00a0<a href=\"CodeSystem-CSProbSalud.html#CSProbSalud-46\">46</a></td><td>https://hl7chile.cl/fhir/ig/sigescg/CodeSystem/CSProbSalud</td><td>Urgencia Odontológica Ambulatoria</td></tr><tr><td style=\"white-space:nowrap\"><a name=\"x-https://hl7chile.cl/fhir/ig/sigescg/CodeSystem/CSProbSalud-85\"> </a>\u00a0\u00a0<a href=\"CodeSystem-CSProbSalud.html#CSProbSalud-85\">85</a></td><td>https://hl7chile.cl/fhir/ig/sigescg/CodeSystem/CSProbSalud</td><td>ENFERMEDAD DE ALZHEIMER Y OTRAS DEMENCIAS</td></tr><tr><td style=\"white-space:nowrap\"><a name=\"x-https://hl7chile.cl/fhir/ig/sigescg/CodeSystem/CSProbSalud-81\"> </a>\u00a0\u00a0<a href=\"CodeSystem-CSProbSalud.html#CSProbSalud-81\">81</a></td><td>https://hl7chile.cl/fhir/ig/sigescg/CodeSystem/CSProbSalud</td><td>Cáncer de Pulmón en Personas de 15 Años y Más</td></tr><tr><td style=\"white-space:nowrap\"><a name=\"x-https://hl7chile.cl/fhir/ig/sigescg/CodeSystem/CSProbSalud-82\"> </a>\u00a0\u00a0<a href=\"CodeSystem-CSProbSalud.html#CSProbSalud-82\">82</a></td><td>https://hl7chile.cl/fhir/ig/sigescg/CodeSystem/CSProbSalud</td><td>Cáncer de Tiroides en personas de 15 años y más</td></tr><tr><td style=\"white-space:nowrap\"><a name=\"x-https://hl7chile.cl/fhir/ig/sigescg/CodeSystem/CSProbSalud-86\"> </a>\u00a0\u00a0<a href=\"CodeSystem-CSProbSalud.html#CSProbSalud-86\">86</a></td><td>https://hl7chile.cl/fhir/ig/sigescg/CodeSystem/CSProbSalud</td><td>Atención Integral de Salud en Agresión Sexual Aguda</td></tr><tr><td style=\"white-space:nowrap\"><a name=\"x-https://hl7chile.cl/fhir/ig/sigescg/CodeSystem/CSProbSalud-83\"> </a>\u00a0\u00a0<a href=\"CodeSystem-CSProbSalud.html#CSProbSalud-83\">83</a></td><td>https://hl7chile.cl/fhir/ig/sigescg/CodeSystem/CSProbSalud</td><td>Cáncer Renal en personas de 15 años y más</td></tr><tr><td style=\"white-space:nowrap\"><a name=\"x-https://hl7chile.cl/fhir/ig/sigescg/CodeSystem/CSProbSalud-84\"> </a>\u00a0\u00a0<a href=\"CodeSystem-CSProbSalud.html#CSProbSalud-84\">84</a></td><td>https://hl7chile.cl/fhir/ig/sigescg/CodeSystem/CSProbSalud</td><td>MIELOMA MÚLTIPLE EN PERSONAS DE 15 AÑOS Y MÁS</td></tr><tr><td style=\"white-space:nowrap\"><a name=\"x-https://hl7chile.cl/fhir/ig/sigescg/CodeSystem/CSProbSalud-87\"> </a>\u00a0\u00a0<a href=\"CodeSystem-CSProbSalud.html#CSProbSalud-87\">87</a></td><td>https://hl7chile.cl/fhir/ig/sigescg/CodeSystem/CSProbSalud</td><td>Rehabilitación SARS COV-2</td></tr></table></div>"
      },
      "url" : "https://hl7chile.cl/fhir/ig/sigescg/ValueSet/VSProbSalud",
      "version" : "0.1.0",
      "name" : "VSProbSalud",
      "title" : "Códigos Problemas de Salud",
      "status" : "active",
      "experimental" : false,
      "date" : "2025-03-06T08:20:26-03:00",
      "jurisdiction" : [{
        "coding" : [{
          "system" : "urn:iso:std:iso:3166",
          "code" : "CL",
          "display" : "Chile"
        }]
      }],
      "expansion" : {
        "identifier" : "urn:uuid:2bad27bd-0ab4-4314-8c93-1b6af5d41623",
        "timestamp" : "2025-03-06T08:21:43-03:00",
        "total" : 87,
        "offset" : 0,
        "parameter" : [{
          "name" : "count",
          "valueInteger" : 1000
        },
        {
          "name" : "offset",
          "valueInteger" : 0
        },
        {
          "name" : "excludeNested",
          "valueBoolean" : false
        },
        {
          "name" : "used-codesystem",
          "valueUri" : "https://hl7chile.cl/fhir/ig/sigescg/CodeSystem/CSProbSalud|0.1.0"
        }],
        "contains" : [{
          "system" : "https://hl7chile.cl/fhir/ig/sigescg/CodeSystem/CSProbSalud",
          "code" : "1",
          "display" : "NFERMEDAD RENAL CRÓNICA ETAPA 4 Y 5"
        },
        {
          "system" : "https://hl7chile.cl/fhir/ig/sigescg/CodeSystem/CSProbSalud",
          "code" : "2",
          "display" : "ardiopatías Congénitas Operables en Personas Menores de 15 Años"
        },
        {
          "system" : "https://hl7chile.cl/fhir/ig/sigescg/CodeSystem/CSProbSalud",
          "code" : "3",
          "display" : "ÁNCER CERVICOUTERINO"
        },
        {
          "system" : "https://hl7chile.cl/fhir/ig/sigescg/CodeSystem/CSProbSalud",
          "code" : "4",
          "display" : "LIVIO DEL DOLOR POR CÁNCER AVANZADO Y CUIDADOS PALIATIVOS"
        },
        {
          "system" : "https://hl7chile.cl/fhir/ig/sigescg/CodeSystem/CSProbSalud",
          "code" : "5",
          "display" : "NFARTO AGUDO DEL MIOCARDIO"
        },
        {
          "system" : "https://hl7chile.cl/fhir/ig/sigescg/CodeSystem/CSProbSalud",
          "code" : "6",
          "display" : "IABETES MELLITUS TIPO 1"
        },
        {
          "system" : "https://hl7chile.cl/fhir/ig/sigescg/CodeSystem/CSProbSalud",
          "code" : "7",
          "display" : "IABETES MELLITUS TIPO 2"
        },
        {
          "system" : "https://hl7chile.cl/fhir/ig/sigescg/CodeSystem/CSProbSalud",
          "code" : "8",
          "display" : "ÁNCER DE MAMA EN PERSONAS DE 15 AÑOS Y MÁS"
        },
        {
          "system" : "https://hl7chile.cl/fhir/ig/sigescg/CodeSystem/CSProbSalud",
          "code" : "9",
          "display" : "ISRAFIAS ESPINALES"
        },
        {
          "system" : "https://hl7chile.cl/fhir/ig/sigescg/CodeSystem/CSProbSalud",
          "code" : "10",
          "display" : "TRATAMIENTO QUIRÚRGICO DE ESCOLIOSIS EN MENORES DE 25 AÑOS"
        },
        {
          "system" : "https://hl7chile.cl/fhir/ig/sigescg/CodeSystem/CSProbSalud",
          "code" : "11",
          "display" : "TRATAMIENTO QUIRÚRGICO DE CATARATAS"
        },
        {
          "system" : "https://hl7chile.cl/fhir/ig/sigescg/CodeSystem/CSProbSalud",
          "code" : "12",
          "display" : "ENDOPROTESIS TOTAL DE CADERA EN PERSONAS DE 65 AÑOS Y MÁS CON ARTROSIS DE CADERA CON LIMITACIÓN FUNCIONAL SEVERA"
        },
        {
          "system" : "https://hl7chile.cl/fhir/ig/sigescg/CodeSystem/CSProbSalud",
          "code" : "13",
          "display" : "FISURA LABIOPALATINA"
        },
        {
          "system" : "https://hl7chile.cl/fhir/ig/sigescg/CodeSystem/CSProbSalud",
          "code" : "14",
          "display" : "CÁNCER EN MENORES DE 15 AÑOS"
        },
        {
          "system" : "https://hl7chile.cl/fhir/ig/sigescg/CodeSystem/CSProbSalud",
          "code" : "15",
          "display" : "ESQUIZOFRENIA"
        },
        {
          "system" : "https://hl7chile.cl/fhir/ig/sigescg/CodeSystem/CSProbSalud",
          "code" : "16",
          "display" : "CÁNCER DE TESTÍCULO EN PERSONAS DE 15 AÑOS Y MÁS"
        },
        {
          "system" : "https://hl7chile.cl/fhir/ig/sigescg/CodeSystem/CSProbSalud",
          "code" : "17",
          "display" : "LINFOMAS EN PERSONAS DE 15 AÑOS Y MÁS"
        },
        {
          "system" : "https://hl7chile.cl/fhir/ig/sigescg/CodeSystem/CSProbSalud",
          "code" : "18",
          "display" : "SÍNDROME DE LA INMUNODEFICIENCIA ADQUIRIDA VIH/SIDA"
        },
        {
          "system" : "https://hl7chile.cl/fhir/ig/sigescg/CodeSystem/CSProbSalud",
          "code" : "19",
          "display" : "INFECCIÓN RESPIRATORIA AGUDA (IRA) BAJA DE MANEJO AMBULATORIO EN MENORES DE 5 AÑOS"
        },
        {
          "system" : "https://hl7chile.cl/fhir/ig/sigescg/CodeSystem/CSProbSalud",
          "code" : "20",
          "display" : "NEUMONIA ADQUIRIDA EN LA COMUNIDAD DE MANEJO AMBULATORIO EN PERSONAS DE 65 AÑOS Y MÁS"
        },
        {
          "system" : "https://hl7chile.cl/fhir/ig/sigescg/CodeSystem/CSProbSalud",
          "code" : "21",
          "display" : "HIPERTENSIÓN ARTERIAL PRIMARIA O ESENCIAL EN PERSONAS DE 15 AÑOS Y MÁS"
        },
        {
          "system" : "https://hl7chile.cl/fhir/ig/sigescg/CodeSystem/CSProbSalud",
          "code" : "22",
          "display" : "EPILEPSIA NO REFRACTARIA EN PERSONAS DESDE 1 AÑO Y MENORES DE 15 AÑOS"
        },
        {
          "system" : "https://hl7chile.cl/fhir/ig/sigescg/CodeSystem/CSProbSalud",
          "code" : "23",
          "display" : "SALUD ORAL INTEGRAL PARA NIÑOS DE 6 AÑOS"
        },
        {
          "system" : "https://hl7chile.cl/fhir/ig/sigescg/CodeSystem/CSProbSalud",
          "code" : "24",
          "display" : "PREVENCIÓN DE PARTO PREMATURO"
        },
        {
          "system" : "https://hl7chile.cl/fhir/ig/sigescg/CodeSystem/CSProbSalud",
          "code" : "25",
          "display" : "TRASTORNOS DE GENERACIÓN DEL IMPULSO Y CONDUCCIÓN EN PERSONAS DE 15 AÑOS Y MÁS, QUE REQUIEREN MARCAPASO."
        },
        {
          "system" : "https://hl7chile.cl/fhir/ig/sigescg/CodeSystem/CSProbSalud",
          "code" : "26",
          "display" : "COLECISTECTOMÍA PREVENTIVA DEL CÁNCER DE VESÍCULA EN PERSONAS DE 35 A 49 AÑOS"
        },
        {
          "system" : "https://hl7chile.cl/fhir/ig/sigescg/CodeSystem/CSProbSalud",
          "code" : "27",
          "display" : "CÁNCER GÁSTRICO"
        },
        {
          "system" : "https://hl7chile.cl/fhir/ig/sigescg/CodeSystem/CSProbSalud",
          "code" : "28",
          "display" : "CÁNCER DE PRÓSTATA EN PERSONAS DE 15 AÑOS Y MÁS"
        },
        {
          "system" : "https://hl7chile.cl/fhir/ig/sigescg/CodeSystem/CSProbSalud",
          "code" : "29",
          "display" : "VICIOS DE REFRACCIÓN EN PERSONAS DE 65 AÑOS Y MÁS"
        },
        {
          "system" : "https://hl7chile.cl/fhir/ig/sigescg/CodeSystem/CSProbSalud",
          "code" : "30",
          "display" : "ESTRABISMO EN MENORES DE 9 AÑOS"
        },
        {
          "system" : "https://hl7chile.cl/fhir/ig/sigescg/CodeSystem/CSProbSalud",
          "code" : "31",
          "display" : "RETINOPATÍA DIABÉTICA"
        },
        {
          "system" : "https://hl7chile.cl/fhir/ig/sigescg/CodeSystem/CSProbSalud",
          "code" : "32",
          "display" : "DESPRENDIMIENTO DE RETINA REGMATÓGENO NO TRAUMÁTICO."
        },
        {
          "system" : "https://hl7chile.cl/fhir/ig/sigescg/CodeSystem/CSProbSalud",
          "code" : "33",
          "display" : "HEMOFILIA"
        },
        {
          "system" : "https://hl7chile.cl/fhir/ig/sigescg/CodeSystem/CSProbSalud",
          "code" : "34",
          "display" : "DEPRESIÓN EN PERSONAS DE 15 AÑOS Y MÁS"
        },
        {
          "system" : "https://hl7chile.cl/fhir/ig/sigescg/CodeSystem/CSProbSalud",
          "code" : "35",
          "display" : "TRATAMIENTO QUIRURGICO DE LA HIPERPLASIA BENIGNA DE LA PRÓSTATA EN PERSONAS SINTOMÁTICAS"
        },
        {
          "system" : "https://hl7chile.cl/fhir/ig/sigescg/CodeSystem/CSProbSalud",
          "code" : "36",
          "display" : "Ayudas técnicas para personas de 65 años y más"
        },
        {
          "system" : "https://hl7chile.cl/fhir/ig/sigescg/CodeSystem/CSProbSalud",
          "code" : "37",
          "display" : "Ataque Cerebrovascular Isquémico  en personas de 15 años y más"
        },
        {
          "system" : "https://hl7chile.cl/fhir/ig/sigescg/CodeSystem/CSProbSalud",
          "code" : "38",
          "display" : "ENFERMEDAD PULMONAR OBSTRUCTIVA CRÓNICA DE TRATAMIENTO AMBULATORIO"
        },
        {
          "system" : "https://hl7chile.cl/fhir/ig/sigescg/CodeSystem/CSProbSalud",
          "code" : "39",
          "display" : "ASMA BRONQUIAL MODERADA Y GRAVE EN MENORES DE 15 AÑOS"
        },
        {
          "system" : "https://hl7chile.cl/fhir/ig/sigescg/CodeSystem/CSProbSalud",
          "code" : "40",
          "display" : "SÍNDROME DE DIFICULTAD RESPIRATORIA EN EL RECIÉN NACIDO"
        },
        {
          "system" : "https://hl7chile.cl/fhir/ig/sigescg/CodeSystem/CSProbSalud",
          "code" : "41",
          "display" : "TRATAMIENTO MÉDICO EN PERSONAS DE 55 AÑOS Y MÁS CON ARTROSIS DE CADERA Y/O RODILLA, LEVE O MODERADA"
        },
        {
          "system" : "https://hl7chile.cl/fhir/ig/sigescg/CodeSystem/CSProbSalud",
          "code" : "42",
          "display" : "HEMORRAGIA SUBARACNOIDEA SECUNDARIA A RUPTURA DE ANEURISMAS CEREBRALES"
        },
        {
          "system" : "https://hl7chile.cl/fhir/ig/sigescg/CodeSystem/CSProbSalud",
          "code" : "43",
          "display" : "TUMORES PRIMARIOS DEL SISTEMA NERVIOSO CENTRAL EN PERSONAS DE 15 AÑOS O MÁS"
        },
        {
          "system" : "https://hl7chile.cl/fhir/ig/sigescg/CodeSystem/CSProbSalud",
          "code" : "44",
          "display" : "TRATAMIENTO QUIRÚRGICO DE HERNIA DEL NÚCLEO PULPOSO LUMBAR"
        },
        {
          "system" : "https://hl7chile.cl/fhir/ig/sigescg/CodeSystem/CSProbSalud",
          "code" : "45",
          "display" : "LEUCEMIA EN PERSONAS DE 15 AÑOS Y MÁS"
        },
        {
          "system" : "https://hl7chile.cl/fhir/ig/sigescg/CodeSystem/CSProbSalud",
          "code" : "47",
          "display" : "SALUD ORAL INTEGRAL DEL ADULTO DE 60 AÑOS"
        },
        {
          "system" : "https://hl7chile.cl/fhir/ig/sigescg/CodeSystem/CSProbSalud",
          "code" : "48",
          "display" : "POLITRAUMATIZADO GRAVE"
        },
        {
          "system" : "https://hl7chile.cl/fhir/ig/sigescg/CodeSystem/CSProbSalud",
          "code" : "49",
          "display" : "TRAUMATISMO CRÁNEO ENCEFÁLICO MODERADO O GRAVE"
        },
        {
          "system" : "https://hl7chile.cl/fhir/ig/sigescg/CodeSystem/CSProbSalud",
          "code" : "50",
          "display" : "TRAUMA OCULAR GRAVE"
        },
        {
          "system" : "https://hl7chile.cl/fhir/ig/sigescg/CodeSystem/CSProbSalud",
          "code" : "51",
          "display" : "FIBROSIS QUÍSTICA"
        },
        {
          "system" : "https://hl7chile.cl/fhir/ig/sigescg/CodeSystem/CSProbSalud",
          "code" : "52",
          "display" : "ARTRITIS REUMATOIDEA"
        },
        {
          "system" : "https://hl7chile.cl/fhir/ig/sigescg/CodeSystem/CSProbSalud",
          "code" : "53",
          "display" : "CONSUMO PERJUDICIAL O DEPENDENCIA DE RIESGO BAJO A MODERADO DE ALCOHOL Y DROGAS EN PERSONAS MENORES DE 20 AÑOS"
        },
        {
          "system" : "https://hl7chile.cl/fhir/ig/sigescg/CodeSystem/CSProbSalud",
          "code" : "54",
          "display" : "ANALGESIA DEL PARTO"
        },
        {
          "system" : "https://hl7chile.cl/fhir/ig/sigescg/CodeSystem/CSProbSalud",
          "code" : "55",
          "display" : "GRAN QUEMADO"
        },
        {
          "system" : "https://hl7chile.cl/fhir/ig/sigescg/CodeSystem/CSProbSalud",
          "code" : "56",
          "display" : "HIPOACUSIA BILATERAL EN PERSONAS DE 65 AÑOS Y MÁS QUE REQUIEREN USO DE AUDÍFONO"
        },
        {
          "system" : "https://hl7chile.cl/fhir/ig/sigescg/CodeSystem/CSProbSalud",
          "code" : "57",
          "display" : "RETINOPATÍA DEL PREMATURO"
        },
        {
          "system" : "https://hl7chile.cl/fhir/ig/sigescg/CodeSystem/CSProbSalud",
          "code" : "58",
          "display" : "DISPLASIA BRONCOPULMONAR DEL PREMATURO"
        },
        {
          "system" : "https://hl7chile.cl/fhir/ig/sigescg/CodeSystem/CSProbSalud",
          "code" : "59",
          "display" : "HIPOACUSIA NEUROSENSORIAL BILATERAL DEL PREMATURO"
        },
        {
          "system" : "https://hl7chile.cl/fhir/ig/sigescg/CodeSystem/CSProbSalud",
          "code" : "60",
          "display" : "EPILEPSIA NO REFRACTARIA EN PERSONAS DE 15 AÑOS Y MÁS"
        },
        {
          "system" : "https://hl7chile.cl/fhir/ig/sigescg/CodeSystem/CSProbSalud",
          "code" : "61",
          "display" : "ASMA BRONQUIAL EN PERSONAS DE 15 AÑOS Y"
        },
        {
          "system" : "https://hl7chile.cl/fhir/ig/sigescg/CodeSystem/CSProbSalud",
          "code" : "62",
          "display" : "ENFERMEDAD DE PARKINSON"
        },
        {
          "system" : "https://hl7chile.cl/fhir/ig/sigescg/CodeSystem/CSProbSalud",
          "code" : "63",
          "display" : "ARTRITIS IDIOPÁTICA JUVENIL"
        },
        {
          "system" : "https://hl7chile.cl/fhir/ig/sigescg/CodeSystem/CSProbSalud",
          "code" : "64",
          "display" : "PREVENCION SECUNDARIA INSUFICIENCIA RENAL CRONICA TERMINAL"
        },
        {
          "system" : "https://hl7chile.cl/fhir/ig/sigescg/CodeSystem/CSProbSalud",
          "code" : "65",
          "display" : "DISPLASIA LUXANTE DE CADERAS"
        },
        {
          "system" : "https://hl7chile.cl/fhir/ig/sigescg/CodeSystem/CSProbSalud",
          "code" : "66",
          "display" : "SALUD ORAL INTEGRAL DE LA EMBARAZADA"
        },
        {
          "system" : "https://hl7chile.cl/fhir/ig/sigescg/CodeSystem/CSProbSalud",
          "code" : "67",
          "display" : "ESCLEROSIS MÚLTIPLE RECURRENTE REMITENTE"
        },
        {
          "system" : "https://hl7chile.cl/fhir/ig/sigescg/CodeSystem/CSProbSalud",
          "code" : "68",
          "display" : "HEPATITIS B"
        },
        {
          "system" : "https://hl7chile.cl/fhir/ig/sigescg/CodeSystem/CSProbSalud",
          "code" : "69",
          "display" : "Hepatitis Crónica por Virus Hepatitis C"
        },
        {
          "system" : "https://hl7chile.cl/fhir/ig/sigescg/CodeSystem/CSProbSalud",
          "code" : "78",
          "display" : "LUPUS ERITEMATOSO SISTÉMICO"
        },
        {
          "system" : "https://hl7chile.cl/fhir/ig/sigescg/CodeSystem/CSProbSalud",
          "code" : "75",
          "display" : "Trastorno Bipolar 15 Años y Más"
        },
        {
          "system" : "https://hl7chile.cl/fhir/ig/sigescg/CodeSystem/CSProbSalud",
          "code" : "72",
          "display" : "Cáncer Vesical 15 Años y Más"
        },
        {
          "system" : "https://hl7chile.cl/fhir/ig/sigescg/CodeSystem/CSProbSalud",
          "code" : "80",
          "display" : "TRATAMIENTO ERRADICACIÓN HELICOBACTER PYLORI"
        },
        {
          "system" : "https://hl7chile.cl/fhir/ig/sigescg/CodeSystem/CSProbSalud",
          "code" : "73",
          "display" : "Osteosarcoma 15 Años y Más"
        },
        {
          "system" : "https://hl7chile.cl/fhir/ig/sigescg/CodeSystem/CSProbSalud",
          "code" : "71",
          "display" : "Cáncer de Ovario Epitelial"
        },
        {
          "system" : "https://hl7chile.cl/fhir/ig/sigescg/CodeSystem/CSProbSalud",
          "code" : "76",
          "display" : "Hipotiroidismo en Personas de 15 Años y Más"
        },
        {
          "system" : "https://hl7chile.cl/fhir/ig/sigescg/CodeSystem/CSProbSalud",
          "code" : "70",
          "display" : "Cáncer Colorectal 15 Años y Más"
        },
        {
          "system" : "https://hl7chile.cl/fhir/ig/sigescg/CodeSystem/CSProbSalud",
          "code" : "74",
          "display" : "TRATAMIENTO QUIRÚRGICO VÁLVULA AÓRTICA 15 Y MÁS"
        },
        {
          "system" : "https://hl7chile.cl/fhir/ig/sigescg/CodeSystem/CSProbSalud",
          "code" : "79",
          "display" : "TRATAMIENTO QUIRÚRGICO VÁLVULA MITRAL Y TRICÚSPIDE 15 Y MÁS"
        },
        {
          "system" : "https://hl7chile.cl/fhir/ig/sigescg/CodeSystem/CSProbSalud",
          "code" : "77",
          "display" : "Tratamiento de Hipoacusia Moderada, Severa y Profunda en personas Menores de 4 Años"
        },
        {
          "system" : "https://hl7chile.cl/fhir/ig/sigescg/CodeSystem/CSProbSalud",
          "code" : "46",
          "display" : "Urgencia Odontológica Ambulatoria"
        },
        {
          "system" : "https://hl7chile.cl/fhir/ig/sigescg/CodeSystem/CSProbSalud",
          "code" : "85",
          "display" : "ENFERMEDAD DE ALZHEIMER Y OTRAS DEMENCIAS"
        },
        {
          "system" : "https://hl7chile.cl/fhir/ig/sigescg/CodeSystem/CSProbSalud",
          "code" : "81",
          "display" : "Cáncer de Pulmón en Personas de 15 Años y Más"
        },
        {
          "system" : "https://hl7chile.cl/fhir/ig/sigescg/CodeSystem/CSProbSalud",
          "code" : "82",
          "display" : "Cáncer de Tiroides en personas de 15 años y más"
        },
        {
          "system" : "https://hl7chile.cl/fhir/ig/sigescg/CodeSystem/CSProbSalud",
          "code" : "86",
          "display" : "Atención Integral de Salud en Agresión Sexual Aguda"
        },
        {
          "system" : "https://hl7chile.cl/fhir/ig/sigescg/CodeSystem/CSProbSalud",
          "code" : "83",
          "display" : "Cáncer Renal en personas de 15 años y más"
        },
        {
          "system" : "https://hl7chile.cl/fhir/ig/sigescg/CodeSystem/CSProbSalud",
          "code" : "84",
          "display" : "MIELOMA MÚLTIPLE EN PERSONAS DE 15 AÑOS Y MÁS"
        },
        {
          "system" : "https://hl7chile.cl/fhir/ig/sigescg/CodeSystem/CSProbSalud",
          "code" : "87",
          "display" : "Rehabilitación SARS COV-2"
        }]
      }
    }
  },
  {
    "fullUrl" : "https://hl7chile.cl/fhir/ig/sigescg/ValueSet/VSTipoDoc",
    "resource" : {
      "resourceType" : "ValueSet",
      "text" : {
        "status" : "generated",
        "div" : "<div xmlns=\"http://www.w3.org/1999/xhtml\"><p class=\"res-header-id\"><b>Generated Narrative: ValueSet </b></p><p style=\"border: black 1px dotted; background-color: #EEEEEE; padding: 8px; margin-bottom: 8px\">Expansion done internally based on <a href=\"CodeSystem-CSTipoDoc.html\">codesystem Códigos de tipo de documento v0.1.0 (CodeSystem)</a></p><p>This value set contains 5 concepts</p><table class=\"codes\"><tr><td style=\"white-space:nowrap\"><b>Code</b></td><td><b>System</b></td><td><b>Display</b></td></tr><tr><td style=\"white-space:nowrap\"><a name=\"x-https://hl7chile.cl/fhir/ig/sigescg/CodeSystem/CSTipoDoc-1\"> </a>\u00a0\u00a0<a href=\"CodeSystem-CSTipoDoc.html#CSTipoDoc-1\">1</a></td><td>https://hl7chile.cl/fhir/ig/sigescg/CodeSystem/CSTipoDoc</td><td>Solicitud de interconsulta SIC</td></tr><tr><td style=\"white-space:nowrap\"><a name=\"x-https://hl7chile.cl/fhir/ig/sigescg/CodeSystem/CSTipoDoc-2\"> </a>\u00a0\u00a0<a href=\"CodeSystem-CSTipoDoc.html#CSTipoDoc-2\">2</a></td><td>https://hl7chile.cl/fhir/ig/sigescg/CodeSystem/CSTipoDoc</td><td>Informe Proceso Diagnostico IPD</td></tr><tr><td style=\"white-space:nowrap\"><a name=\"x-https://hl7chile.cl/fhir/ig/sigescg/CodeSystem/CSTipoDoc-3\"> </a>\u00a0\u00a0<a href=\"CodeSystem-CSTipoDoc.html#CSTipoDoc-3\">3</a></td><td>https://hl7chile.cl/fhir/ig/sigescg/CodeSystem/CSTipoDoc</td><td>Orden de Atención OA</td></tr><tr><td style=\"white-space:nowrap\"><a name=\"x-https://hl7chile.cl/fhir/ig/sigescg/CodeSystem/CSTipoDoc-10\"> </a>\u00a0\u00a0<a href=\"CodeSystem-CSTipoDoc.html#CSTipoDoc-10\">10</a></td><td>https://hl7chile.cl/fhir/ig/sigescg/CodeSystem/CSTipoDoc</td><td>Prestacion Otorgada\tPO</td></tr><tr><td style=\"white-space:nowrap\"><a name=\"x-https://hl7chile.cl/fhir/ig/sigescg/CodeSystem/CSTipoDoc-15\"> </a>\u00a0\u00a0<a href=\"CodeSystem-CSTipoDoc.html#CSTipoDoc-15\">15</a></td><td>https://hl7chile.cl/fhir/ig/sigescg/CodeSystem/CSTipoDoc</td><td>Programa Especial PE</td></tr></table></div>"
      },
      "url" : "https://hl7chile.cl/fhir/ig/sigescg/ValueSet/VSTipoDoc",
      "version" : "0.1.0",
      "name" : "VSTipoDoc",
      "title" : "Códigos de tipo de documento",
      "status" : "active",
      "experimental" : false,
      "date" : "2025-03-06T08:20:26-03:00",
      "jurisdiction" : [{
        "coding" : [{
          "system" : "urn:iso:std:iso:3166",
          "code" : "CL",
          "display" : "Chile"
        }]
      }],
      "expansion" : {
        "identifier" : "urn:uuid:77c2c762-4071-4713-9980-55bcce9aa750",
        "timestamp" : "2025-03-06T08:21:44-03:00",
        "total" : 5,
        "offset" : 0,
        "parameter" : [{
          "name" : "count",
          "valueInteger" : 1000
        },
        {
          "name" : "offset",
          "valueInteger" : 0
        },
        {
          "name" : "excludeNested",
          "valueBoolean" : false
        },
        {
          "name" : "used-codesystem",
          "valueUri" : "https://hl7chile.cl/fhir/ig/sigescg/CodeSystem/CSTipoDoc|0.1.0"
        }],
        "contains" : [{
          "system" : "https://hl7chile.cl/fhir/ig/sigescg/CodeSystem/CSTipoDoc",
          "code" : "1",
          "display" : "Solicitud de interconsulta SIC"
        },
        {
          "system" : "https://hl7chile.cl/fhir/ig/sigescg/CodeSystem/CSTipoDoc",
          "code" : "2",
          "display" : "Informe Proceso Diagnostico IPD"
        },
        {
          "system" : "https://hl7chile.cl/fhir/ig/sigescg/CodeSystem/CSTipoDoc",
          "code" : "3",
          "display" : "Orden de Atención OA"
        },
        {
          "system" : "https://hl7chile.cl/fhir/ig/sigescg/CodeSystem/CSTipoDoc",
          "code" : "10",
          "display" : "Prestacion Otorgada\tPO"
        },
        {
          "system" : "https://hl7chile.cl/fhir/ig/sigescg/CodeSystem/CSTipoDoc",
          "code" : "15",
          "display" : "Programa Especial PE"
        }]
      }
    }
  }]
}