<?xml version="1.0" encoding="UTF-8"?><CodeSystem xmlns="http://hl7.org/fhir"><id value="CSDerivadoPara"/><text><status value="generated"/><div xmlns="http://www.w3.org/1999/xhtml"><p class="res-header-id"><b>Generated Narrative: CodeSystem CSDerivadoPara</b></p><a name="CSDerivadoPara"> </a><a name="hcCSDerivadoPara"> </a><a name="CSDerivadoPara-es-CL"> </a><p>This case-sensitive code system <code>https://hl7chile.cl/fhir/ig/sigescg/CodeSystem/CSDerivadoPara</code> defines the following codes:</p><table class="codes"><tr><td style="white-space:nowrap"><b>Code</b></td><td><b>Display</b></td></tr><tr><td style="white-space:nowrap">1<a name="CSDerivadoPara-1"> </a></td><td>Confirmación Diagnóstica</td></tr><tr><td style="white-space:nowrap">2<a name="CSDerivadoPara-2"> </a></td><td>Realizar Tratamiento</td></tr><tr><td style="white-space:nowrap">3<a name="CSDerivadoPara-3"> </a></td><td>A Seguimiento</td></tr><tr><td style="white-space:nowrap">4<a name="CSDerivadoPara-4"> </a></td><td>Control de Especialidad</td></tr><tr><td style="white-space:nowrap">5<a name="CSDerivadoPara-5"> </a></td><td>Otro</td></tr><tr><td style="white-space:nowrap">6<a name="CSDerivadoPara-6"> </a></td><td>Seguimiento</td></tr><tr><td style="white-space:nowrap">7<a name="CSDerivadoPara-7"> </a></td><td>Tratamiento</td></tr><tr><td style="white-space:nowrap">8<a name="CSDerivadoPara-8"> </a></td><td>Otro</td></tr><tr><td style="white-space:nowrap">9<a name="CSDerivadoPara-9"> </a></td><td>Diagnostico</td></tr><tr><td style="white-space:nowrap">10<a name="CSDerivadoPara-10"> </a></td><td>Rehabilitación</td></tr><tr><td style="white-space:nowrap">11<a name="CSDerivadoPara-11"> </a></td><td>Rehabilitación</td></tr></table></div></text><url value="https://hl7chile.cl/fhir/ig/sigescg/CodeSystem/CSDerivadoPara"/><version value="0.1.0"/><name value="CSDerivadoPara"/><title value="Códigos asociados a la derivación"/><status value="active"/><experimental value="false"/><date value="2024-11-28T09:34:47-03:00"/><publisher value="HL7 Chile"/><contact><name value="HL7 Chile"/><telecom><system value="url"/><value value="https://hl7chile.cl"/></telecom></contact><description value="Codigos asociados para la derivación de paciente, indicando el objetivo"/><jurisdiction><coding><system value="urn:iso:std:iso:3166"/><code value="CL"/><display value="Chile"/></coding></jurisdiction><caseSensitive value="true"/><content value="complete"/><count value="11"/><concept><code value="1"/><display value="Confirmación Diagnóstica"/></concept><concept><code value="2"/><display value="Realizar Tratamiento"/></concept><concept><code value="3"/><display value="A Seguimiento"/></concept><concept><code value="4"/><display value="Control de Especialidad"/></concept><concept><code value="5"/><display value="Otro"/></concept><concept><code value="6"/><display value="Seguimiento"/></concept><concept><code value="7"/><display value="Tratamiento"/></concept><concept><code value="8"/><display value="Otro"/></concept><concept><code value="9"/><display value="Diagnostico"/></concept><concept><code value="10"/><display value="Rehabilitación"/></concept><concept><code value="11"/><display value="Rehabilitación"/></concept></CodeSystem>