<?xml version="1.0" encoding="UTF-8"?><CodeSystem xmlns="http://hl7.org/fhir"><id value="CSTipoDoc"/><text><status value="generated"/><div xmlns="http://www.w3.org/1999/xhtml"><p class="res-header-id"><b>Generated Narrative: CodeSystem CSTipoDoc</b></p><a name="CSTipoDoc"> </a><a name="hcCSTipoDoc"> </a><a name="CSTipoDoc-es-CL"> </a><p>This case-sensitive code system <code>https://hl7chile.cl/fhir/ig/sigescg/CodeSystem/CSTipoDoc</code> defines the following codes:</p><table class="codes"><tr><td style="white-space:nowrap"><b>Code</b></td><td><b>Display</b></td></tr><tr><td style="white-space:nowrap">1<a name="CSTipoDoc-1"> </a></td><td>Solicitud de interconsulta	SIC</td></tr><tr><td style="white-space:nowrap">2<a name="CSTipoDoc-2"> </a></td><td>Informe Proceso Diagnostico IPD</td></tr><tr><td style="white-space:nowrap">3<a name="CSTipoDoc-3"> </a></td><td>Orden de Atención OA</td></tr><tr><td style="white-space:nowrap">10<a name="CSTipoDoc-10"> </a></td><td>Prestacion Otorgada	PO</td></tr><tr><td style="white-space:nowrap">15<a name="CSTipoDoc-15"> </a></td><td>Programa Especial PE</td></tr></table></div></text><url value="https://hl7chile.cl/fhir/ig/sigescg/CodeSystem/CSTipoDoc"/><version value="0.1.0"/><name value="CSTipoDoc"/><title value="Códigos de tipo de documento"/><status value="active"/><experimental value="false"/><date value="2024-11-28T09:34:47-03:00"/><publisher value="HL7 Chile"/><contact><name value="HL7 Chile"/><telecom><system value="url"/><value value="https://hl7chile.cl"/></telecom></contact><description value="Codigos para tipo de documento"/><jurisdiction><coding><system value="urn:iso:std:iso:3166"/><code value="CL"/><display value="Chile"/></coding></jurisdiction><caseSensitive value="true"/><content value="complete"/><count value="5"/><concept><code value="1"/><display value="Solicitud de interconsulta&#x9;SIC"/></concept><concept><code value="2"/><display value="Informe Proceso Diagnostico IPD"/></concept><concept><code value="3"/><display value="Orden de Atención OA"/></concept><concept><code value="10"/><display value="Prestacion Otorgada&#x9;PO"/></concept><concept><code value="15"/><display value="Programa Especial PE"/></concept></CodeSystem>