<?xml version="1.0" encoding="UTF-8"?><CodeSystem xmlns="http://hl7.org/fhir"><id value="CSExamenes"/><text><status value="generated"/><div xmlns="http://www.w3.org/1999/xhtml"><p class="res-header-id"><b>Generated Narrative: CodeSystem CSExamenes</b></p><a name="CSExamenes"> </a><a name="hcCSExamenes"> </a><a name="CSExamenes-es-CL"> </a><p>This case-sensitive code system <code>https://hl7chile.cl/fhir/ig/sigescg/CodeSystem/CSExamenes</code> defines the following codes:</p><table class="codes"><tr><td style="white-space:nowrap"><b>Code</b></td><td><b>Display</b></td></tr><tr><td style="white-space:nowrap">01<a name="CSExamenes-01"> </a></td><td>A</td></tr><tr><td style="white-space:nowrap">02<a name="CSExamenes-02"> </a></td><td>B</td></tr><tr><td style="white-space:nowrap">03<a name="CSExamenes-03"> </a></td><td>C</td></tr></table></div></text><url value="https://hl7chile.cl/fhir/ig/sigescg/CodeSystem/CSExamenes"/><version value="0.1.0"/><name value="CSExamenes"/><title value="Códigos de Exámenes"/><status value="active"/><experimental value="false"/><date value="2025-01-31T15:38:22-03:00"/><publisher value="HL7 Chile"/><contact><name value="HL7 Chile"/><telecom><system value="url"/><value value="https://hl7chile.cl"/></telecom></contact><description value="Codigos para examenes realizados por el paciente"/><jurisdiction><coding><system value="urn:iso:std:iso:3166"/><code value="CL"/><display value="Chile"/></coding></jurisdiction><caseSensitive value="true"/><content value="complete"/><count value="3"/><concept><code value="01"/><display value="A"/></concept><concept><code value="02"/><display value="B"/></concept><concept><code value="03"/><display value="C"/></concept></CodeSystem>