<?xml version="1.0" encoding="UTF-8"?><ValueSet xmlns="http://hl7.org/fhir"><id value="VSPrevision"/><text><status value="generated"/><div xmlns="http://www.w3.org/1999/xhtml"><p class="res-header-id"><b>Generated Narrative: ValueSet VSPrevision</b></p><a name="VSPrevision"> </a><a name="hcVSPrevision"> </a><a name="VSPrevision-es-CL"> </a><ul><li>Include all codes defined in <a href="CodeSystem-CSPrevision.html"><code>https://hl7chile.cl/fhir/ig/sigescg/CodeSystem/CSPrevision</code></a></li></ul></div></text><url value="https://hl7chile.cl/fhir/ig/sigescg/ValueSet/VSPrevision"/><version value="0.1.0"/><name value="VSPrevision"/><title value="VS Prevision"/><status value="active"/><experimental value="false"/><date value="2024-11-28T09:34:47-03:00"/><publisher value="HL7 Chile"/><contact><name value="HL7 Chile"/><telecom><system value="url"/><value value="https://hl7chile.cl"/></telecom></contact><description value="Previsión del paciente"/><jurisdiction><coding><system value="urn:iso:std:iso:3166"/><code value="CL"/><display value="Chile"/></coding></jurisdiction><compose><include><system value="https://hl7chile.cl/fhir/ig/sigescg/CodeSystem/CSPrevision"/></include></compose></ValueSet>