<?xml version="1.0" encoding="UTF-8"?><ValueSet xmlns="http://hl7.org/fhir"><id value="VSPrestacion"/><text><status value="generated"/><div xmlns="http://www.w3.org/1999/xhtml"><p class="res-header-id"><b>Generated Narrative: ValueSet VSPrestacion</b></p><a name="VSPrestacion"> </a><a name="hcVSPrestacion"> </a><a name="VSPrestacion-es-CL"> </a><ul><li>Include all codes defined in <a href="CodeSystem-CSPrestacion.html"><code>https://hl7chile.cl/fhir/ig/sigescg/CodeSystem/CSPrestacion</code></a></li></ul></div></text><url value="https://hl7chile.cl/fhir/ig/sigescg/ValueSet/VSPrestacion"/><version value="0.1.0"/><name value="VSPrestacion"/><title value="Códigos de prestaciones"/><status value="active"/><experimental value="false"/><date value="2024-11-28T09:34:47-03:00"/><publisher value="HL7 Chile"/><contact><name value="HL7 Chile"/><telecom><system value="url"/><value value="https://hl7chile.cl"/></telecom></contact><description value="Codigos para prestaciones"/><jurisdiction><coding><system value="urn:iso:std:iso:3166"/><code value="CL"/><display value="Chile"/></coding></jurisdiction><compose><include><system value="https://hl7chile.cl/fhir/ig/sigescg/CodeSystem/CSPrestacion"/></include></compose></ValueSet>