<?xml version="1.0" encoding="UTF-8"?><ValueSet xmlns="http://hl7.org/fhir"><id value="VSTipoDoc"/><text><status value="generated"/><div xmlns="http://www.w3.org/1999/xhtml"><p class="res-header-id"><b>Generated Narrative: ValueSet VSTipoDoc</b></p><a name="VSTipoDoc"> </a><a name="hcVSTipoDoc"> </a><a name="VSTipoDoc-es-CL"> </a><ul><li>Include all codes defined in <a href="CodeSystem-CSTipoDoc.html"><code>https://hl7chile.cl/fhir/ig/sigescg/CodeSystem/CSTipoDoc</code></a></li></ul></div></text><url value="https://hl7chile.cl/fhir/ig/sigescg/ValueSet/VSTipoDoc"/><version value="0.1.0"/><name value="VSTipoDoc"/><title value="Códigos de tipo de documento"/><status value="active"/><experimental value="false"/><date value="2024-11-28T09:34:47-03:00"/><publisher value="HL7 Chile"/><contact><name value="HL7 Chile"/><telecom><system value="url"/><value value="https://hl7chile.cl"/></telecom></contact><description value="Codigos para tipo de documento"/><jurisdiction><coding><system value="urn:iso:std:iso:3166"/><code value="CL"/><display value="Chile"/></coding></jurisdiction><compose><include><system value="https://hl7chile.cl/fhir/ig/sigescg/CodeSystem/CSTipoDoc"/></include></compose></ValueSet>