<?xml version="1.0" encoding="UTF-8"?><ValueSet xmlns="http://hl7.org/fhir"><id value="VSProbSalud"/><text><status value="generated"/><div xmlns="http://www.w3.org/1999/xhtml"><p class="res-header-id"><b>Generated Narrative: ValueSet VSProbSalud</b></p><a name="VSProbSalud"> </a><a name="hcVSProbSalud"> </a><a name="VSProbSalud-es-CL"> </a><ul><li>Include all codes defined in <a href="CodeSystem-CSProbSalud.html"><code>https://hl7chile.cl/fhir/ig/sigescg/CodeSystem/CSProbSalud</code></a></li></ul></div></text><url value="https://hl7chile.cl/fhir/ig/sigescg/ValueSet/VSProbSalud"/><version value="0.1.0"/><name value="VSProbSalud"/><title value="Códigos Problemas de Salud"/><status value="active"/><experimental value="false"/><date value="2025-01-31T15:38:22-03:00"/><publisher value="HL7 Chile"/><contact><name value="HL7 Chile"/><telecom><system value="url"/><value value="https://hl7chile.cl"/></telecom></contact><description value="Problemas de salud detectados en pacientes"/><jurisdiction><coding><system value="urn:iso:std:iso:3166"/><code value="CL"/><display value="Chile"/></coding></jurisdiction><compose><include><system value="https://hl7chile.cl/fhir/ig/sigescg/CodeSystem/CSProbSalud"/></include></compose></ValueSet>