<?xml version="1.0" encoding="UTF-8"?><ValueSet xmlns="http://hl7.org/fhir"><id value="VSMArca"/><text><status value="generated"/><div xmlns="http://www.w3.org/1999/xhtml"><p class="res-header-id"><b>Generated Narrative: ValueSet VSMArca</b></p><a name="VSMArca"> </a><a name="hcVSMArca"> </a><a name="VSMArca-es-CL"> </a><ul><li>Include all codes defined in <a href="CodeSystem-CSMarca.html"><code>https://hl7chile.cl/fhir/ig/sigescg/CodeSystem/CSMarca</code></a></li></ul></div></text><url value="https://hl7chile.cl/fhir/ig/sigescg/ValueSet/VSMArca"/><version value="0.1.0"/><name value="VSMarca"/><title value="Códigos de  Marca"/><status value="active"/><experimental value="false"/><date value="2025-03-06T08:20:26-03:00"/><publisher value="HL7 Chile"/><contact><name value="HL7 Chile"/><telecom><system value="url"/><value value="https://hl7chile.cl"/></telecom></contact><description value="Marca del paciente"/><jurisdiction><coding><system value="urn:iso:std:iso:3166"/><code value="CL"/><display value="Chile"/></coding></jurisdiction><compose><include><system value="https://hl7chile.cl/fhir/ig/sigescg/CodeSystem/CSMarca"/></include></compose></ValueSet>