<?xml version="1.0" encoding="UTF-8"?>

<CodeSystem xmlns="http://hl7.org/fhir">
  <id value="CSProbSalud"/>
  <text>
    <status value="generated"/><div xmlns="http://www.w3.org/1999/xhtml"><p class="res-header-id"><b>Generated Narrative: CodeSystem CSProbSalud</b></p><a name="CSProbSalud"> </a><a name="hcCSProbSalud"> </a><a name="CSProbSalud-es-CL"> </a><p>This case-sensitive code system <code>https://hl7chile.cl/fhir/ig/sigescg/CodeSystem/CSProbSalud</code> defines the following codes:</p><table class="codes"><tr><td style="white-space:nowrap"><b>Code</b></td><td><b>Display</b></td></tr><tr><td style="white-space:nowrap">1<a name="CSProbSalud-1"> </a></td><td>NFERMEDAD RENAL CRÓNICA ETAPA 4 Y 5</td></tr><tr><td style="white-space:nowrap">2<a name="CSProbSalud-2"> </a></td><td>ardiopatías Congénitas Operables en Personas Menores de 15 Años</td></tr><tr><td style="white-space:nowrap">3<a name="CSProbSalud-3"> </a></td><td>ÁNCER CERVICOUTERINO</td></tr><tr><td style="white-space:nowrap">4<a name="CSProbSalud-4"> </a></td><td>LIVIO DEL DOLOR POR CÁNCER AVANZADO Y CUIDADOS PALIATIVOS</td></tr><tr><td style="white-space:nowrap">5<a name="CSProbSalud-5"> </a></td><td>NFARTO AGUDO DEL MIOCARDIO</td></tr><tr><td style="white-space:nowrap">6<a name="CSProbSalud-6"> </a></td><td>IABETES MELLITUS TIPO 1</td></tr><tr><td style="white-space:nowrap">7<a name="CSProbSalud-7"> </a></td><td>IABETES MELLITUS TIPO 2</td></tr><tr><td style="white-space:nowrap">8<a name="CSProbSalud-8"> </a></td><td>ÁNCER DE MAMA EN PERSONAS DE 15 AÑOS Y MÁS</td></tr><tr><td style="white-space:nowrap">9<a name="CSProbSalud-9"> </a></td><td>ISRAFIAS ESPINALES</td></tr><tr><td style="white-space:nowrap">10<a name="CSProbSalud-10"> </a></td><td>TRATAMIENTO QUIRÚRGICO DE ESCOLIOSIS EN MENORES DE 25 AÑOS</td></tr><tr><td style="white-space:nowrap">11<a name="CSProbSalud-11"> </a></td><td>TRATAMIENTO QUIRÚRGICO DE CATARATAS</td></tr><tr><td style="white-space:nowrap">12<a name="CSProbSalud-12"> </a></td><td>ENDOPROTESIS TOTAL DE CADERA EN PERSONAS DE 65 AÑOS Y MÁS CON ARTROSIS DE CADERA CON LIMITACIÓN FUNCIONAL SEVERA</td></tr><tr><td style="white-space:nowrap">13<a name="CSProbSalud-13"> </a></td><td>FISURA LABIOPALATINA</td></tr><tr><td style="white-space:nowrap">14<a name="CSProbSalud-14"> </a></td><td>CÁNCER EN MENORES DE 15 AÑOS</td></tr><tr><td style="white-space:nowrap">15<a name="CSProbSalud-15"> </a></td><td>ESQUIZOFRENIA</td></tr><tr><td style="white-space:nowrap">16<a name="CSProbSalud-16"> </a></td><td>CÁNCER DE TESTÍCULO EN PERSONAS DE 15 AÑOS Y MÁS</td></tr><tr><td style="white-space:nowrap">17<a name="CSProbSalud-17"> </a></td><td>LINFOMAS EN PERSONAS DE 15 AÑOS Y MÁS</td></tr><tr><td style="white-space:nowrap">18<a name="CSProbSalud-18"> </a></td><td>SÍNDROME DE LA INMUNODEFICIENCIA ADQUIRIDA VIH/SIDA</td></tr><tr><td style="white-space:nowrap">19<a name="CSProbSalud-19"> </a></td><td>INFECCIÓN RESPIRATORIA AGUDA (IRA) BAJA DE MANEJO AMBULATORIO EN MENORES DE 5 AÑOS</td></tr><tr><td style="white-space:nowrap">20<a name="CSProbSalud-20"> </a></td><td>NEUMONIA ADQUIRIDA EN LA COMUNIDAD DE MANEJO AMBULATORIO EN PERSONAS DE 65 AÑOS Y MÁS</td></tr><tr><td style="white-space:nowrap">21<a name="CSProbSalud-21"> </a></td><td>HIPERTENSIÓN ARTERIAL PRIMARIA O ESENCIAL EN PERSONAS DE 15 AÑOS Y MÁS</td></tr><tr><td style="white-space:nowrap">22<a name="CSProbSalud-22"> </a></td><td>EPILEPSIA NO REFRACTARIA EN PERSONAS DESDE 1 AÑO Y MENORES DE 15 AÑOS</td></tr><tr><td style="white-space:nowrap">23<a name="CSProbSalud-23"> </a></td><td>SALUD ORAL INTEGRAL PARA NIÑOS DE 6 AÑOS</td></tr><tr><td style="white-space:nowrap">24<a name="CSProbSalud-24"> </a></td><td>PREVENCIÓN DE PARTO PREMATURO</td></tr><tr><td style="white-space:nowrap">25<a name="CSProbSalud-25"> </a></td><td>TRASTORNOS DE GENERACIÓN DEL IMPULSO Y CONDUCCIÓN EN PERSONAS DE 15 AÑOS Y MÁS, QUE REQUIEREN MARCAPASO.</td></tr><tr><td style="white-space:nowrap">26<a name="CSProbSalud-26"> </a></td><td>COLECISTECTOMÍA PREVENTIVA DEL CÁNCER DE VESÍCULA EN PERSONAS DE 35 A 49 AÑOS</td></tr><tr><td style="white-space:nowrap">27<a name="CSProbSalud-27"> </a></td><td>CÁNCER GÁSTRICO</td></tr><tr><td style="white-space:nowrap">28<a name="CSProbSalud-28"> </a></td><td>CÁNCER DE PRÓSTATA EN PERSONAS DE 15 AÑOS Y MÁS</td></tr><tr><td style="white-space:nowrap">29<a name="CSProbSalud-29"> </a></td><td>VICIOS DE REFRACCIÓN EN PERSONAS DE 65 AÑOS Y MÁS</td></tr><tr><td style="white-space:nowrap">30<a name="CSProbSalud-30"> </a></td><td>ESTRABISMO EN MENORES DE 9 AÑOS</td></tr><tr><td style="white-space:nowrap">31<a name="CSProbSalud-31"> </a></td><td>RETINOPATÍA DIABÉTICA</td></tr><tr><td style="white-space:nowrap">32<a name="CSProbSalud-32"> </a></td><td>DESPRENDIMIENTO DE RETINA REGMATÓGENO NO TRAUMÁTICO.</td></tr><tr><td style="white-space:nowrap">33<a name="CSProbSalud-33"> </a></td><td>HEMOFILIA</td></tr><tr><td style="white-space:nowrap">34<a name="CSProbSalud-34"> </a></td><td>DEPRESIÓN EN PERSONAS DE 15 AÑOS Y MÁS</td></tr><tr><td style="white-space:nowrap">35<a name="CSProbSalud-35"> </a></td><td>TRATAMIENTO QUIRURGICO DE LA HIPERPLASIA BENIGNA DE LA PRÓSTATA EN PERSONAS SINTOMÁTICAS</td></tr><tr><td style="white-space:nowrap">36<a name="CSProbSalud-36"> </a></td><td>Ayudas técnicas para personas de 65 años y más</td></tr><tr><td style="white-space:nowrap">37<a name="CSProbSalud-37"> </a></td><td>Ataque Cerebrovascular Isquémico  en personas de 15 años y más</td></tr><tr><td style="white-space:nowrap">38<a name="CSProbSalud-38"> </a></td><td>ENFERMEDAD PULMONAR OBSTRUCTIVA CRÓNICA DE TRATAMIENTO AMBULATORIO</td></tr><tr><td style="white-space:nowrap">39<a name="CSProbSalud-39"> </a></td><td>ASMA BRONQUIAL MODERADA Y GRAVE EN MENORES DE 15 AÑOS</td></tr><tr><td style="white-space:nowrap">40<a name="CSProbSalud-40"> </a></td><td>SÍNDROME DE DIFICULTAD RESPIRATORIA EN EL RECIÉN NACIDO</td></tr><tr><td style="white-space:nowrap">41<a name="CSProbSalud-41"> </a></td><td>TRATAMIENTO MÉDICO EN PERSONAS DE 55 AÑOS Y MÁS CON ARTROSIS DE CADERA Y/O RODILLA, LEVE O MODERADA</td></tr><tr><td style="white-space:nowrap">42<a name="CSProbSalud-42"> </a></td><td>HEMORRAGIA SUBARACNOIDEA SECUNDARIA A RUPTURA DE ANEURISMAS CEREBRALES</td></tr><tr><td style="white-space:nowrap">43<a name="CSProbSalud-43"> </a></td><td>TUMORES PRIMARIOS DEL SISTEMA NERVIOSO CENTRAL EN PERSONAS DE 15 AÑOS O MÁS</td></tr><tr><td style="white-space:nowrap">44<a name="CSProbSalud-44"> </a></td><td>TRATAMIENTO QUIRÚRGICO DE HERNIA DEL NÚCLEO PULPOSO LUMBAR</td></tr><tr><td style="white-space:nowrap">45<a name="CSProbSalud-45"> </a></td><td>LEUCEMIA EN PERSONAS DE 15 AÑOS Y MÁS</td></tr><tr><td style="white-space:nowrap">47<a name="CSProbSalud-47"> </a></td><td>SALUD ORAL INTEGRAL DEL ADULTO DE 60 AÑOS</td></tr><tr><td style="white-space:nowrap">48<a name="CSProbSalud-48"> </a></td><td>POLITRAUMATIZADO GRAVE</td></tr><tr><td style="white-space:nowrap">49<a name="CSProbSalud-49"> </a></td><td>TRAUMATISMO CRÁNEO ENCEFÁLICO MODERADO O GRAVE</td></tr><tr><td style="white-space:nowrap">50<a name="CSProbSalud-50"> </a></td><td>TRAUMA OCULAR GRAVE</td></tr><tr><td style="white-space:nowrap">51<a name="CSProbSalud-51"> </a></td><td>FIBROSIS QUÍSTICA</td></tr><tr><td style="white-space:nowrap">52<a name="CSProbSalud-52"> </a></td><td>ARTRITIS REUMATOIDEA</td></tr><tr><td style="white-space:nowrap">53<a name="CSProbSalud-53"> </a></td><td>CONSUMO PERJUDICIAL O DEPENDENCIA DE RIESGO BAJO A MODERADO DE ALCOHOL Y DROGAS EN PERSONAS MENORES DE 20 AÑOS</td></tr><tr><td style="white-space:nowrap">54<a name="CSProbSalud-54"> </a></td><td>ANALGESIA DEL PARTO</td></tr><tr><td style="white-space:nowrap">55<a name="CSProbSalud-55"> </a></td><td>GRAN QUEMADO</td></tr><tr><td style="white-space:nowrap">56<a name="CSProbSalud-56"> </a></td><td>HIPOACUSIA BILATERAL EN PERSONAS DE 65 AÑOS Y MÁS QUE REQUIEREN USO DE AUDÍFONO</td></tr><tr><td style="white-space:nowrap">57<a name="CSProbSalud-57"> </a></td><td>RETINOPATÍA DEL PREMATURO</td></tr><tr><td style="white-space:nowrap">58<a name="CSProbSalud-58"> </a></td><td>DISPLASIA BRONCOPULMONAR DEL PREMATURO</td></tr><tr><td style="white-space:nowrap">59<a name="CSProbSalud-59"> </a></td><td>HIPOACUSIA NEUROSENSORIAL BILATERAL DEL PREMATURO</td></tr><tr><td style="white-space:nowrap">60<a name="CSProbSalud-60"> </a></td><td>EPILEPSIA NO REFRACTARIA EN PERSONAS DE 15 AÑOS Y MÁS</td></tr><tr><td style="white-space:nowrap">61<a name="CSProbSalud-61"> </a></td><td>ASMA BRONQUIAL EN PERSONAS DE 15 AÑOS Y</td></tr><tr><td style="white-space:nowrap">62<a name="CSProbSalud-62"> </a></td><td>ENFERMEDAD DE PARKINSON</td></tr><tr><td style="white-space:nowrap">63<a name="CSProbSalud-63"> </a></td><td>ARTRITIS IDIOPÁTICA JUVENIL</td></tr><tr><td style="white-space:nowrap">64<a name="CSProbSalud-64"> </a></td><td>PREVENCION SECUNDARIA INSUFICIENCIA RENAL CRONICA TERMINAL</td></tr><tr><td style="white-space:nowrap">65<a name="CSProbSalud-65"> </a></td><td>DISPLASIA LUXANTE DE CADERAS</td></tr><tr><td style="white-space:nowrap">66<a name="CSProbSalud-66"> </a></td><td>SALUD ORAL INTEGRAL DE LA EMBARAZADA</td></tr><tr><td style="white-space:nowrap">67<a name="CSProbSalud-67"> </a></td><td>ESCLEROSIS MÚLTIPLE RECURRENTE REMITENTE</td></tr><tr><td style="white-space:nowrap">68<a name="CSProbSalud-68"> </a></td><td>HEPATITIS B</td></tr><tr><td style="white-space:nowrap">69<a name="CSProbSalud-69"> </a></td><td>Hepatitis Crónica por Virus Hepatitis C</td></tr><tr><td style="white-space:nowrap">78<a name="CSProbSalud-78"> </a></td><td>LUPUS ERITEMATOSO SISTÉMICO</td></tr><tr><td style="white-space:nowrap">75<a name="CSProbSalud-75"> </a></td><td>Trastorno Bipolar 15 Años y Más</td></tr><tr><td style="white-space:nowrap">72<a name="CSProbSalud-72"> </a></td><td>Cáncer Vesical 15 Años y Más</td></tr><tr><td style="white-space:nowrap">80<a name="CSProbSalud-80"> </a></td><td>TRATAMIENTO ERRADICACIÓN HELICOBACTER PYLORI</td></tr><tr><td style="white-space:nowrap">73<a name="CSProbSalud-73"> </a></td><td>Osteosarcoma 15 Años y Más</td></tr><tr><td style="white-space:nowrap">71<a name="CSProbSalud-71"> </a></td><td>Cáncer de Ovario Epitelial</td></tr><tr><td style="white-space:nowrap">76<a name="CSProbSalud-76"> </a></td><td>Hipotiroidismo en Personas de 15 Años y Más</td></tr><tr><td style="white-space:nowrap">70<a name="CSProbSalud-70"> </a></td><td>Cáncer Colorectal 15 Años y Más</td></tr><tr><td style="white-space:nowrap">74<a name="CSProbSalud-74"> </a></td><td>TRATAMIENTO QUIRÚRGICO VÁLVULA AÓRTICA 15 Y MÁS</td></tr><tr><td style="white-space:nowrap">79<a name="CSProbSalud-79"> </a></td><td>TRATAMIENTO QUIRÚRGICO VÁLVULA MITRAL Y TRICÚSPIDE 15 Y MÁS</td></tr><tr><td style="white-space:nowrap">77<a name="CSProbSalud-77"> </a></td><td>Tratamiento de Hipoacusia Moderada, Severa y Profunda en personas Menores de 4 Años</td></tr><tr><td style="white-space:nowrap">46<a name="CSProbSalud-46"> </a></td><td>Urgencia Odontológica Ambulatoria</td></tr><tr><td style="white-space:nowrap">85<a name="CSProbSalud-85"> </a></td><td>ENFERMEDAD DE ALZHEIMER Y OTRAS DEMENCIAS</td></tr><tr><td style="white-space:nowrap">81<a name="CSProbSalud-81"> </a></td><td>Cáncer de Pulmón en Personas de 15 Años y Más</td></tr><tr><td style="white-space:nowrap">82<a name="CSProbSalud-82"> </a></td><td>Cáncer de Tiroides en personas de 15 años y más</td></tr><tr><td style="white-space:nowrap">86<a name="CSProbSalud-86"> </a></td><td>Atención Integral de Salud en Agresión Sexual Aguda</td></tr><tr><td style="white-space:nowrap">83<a name="CSProbSalud-83"> </a></td><td>Cáncer Renal en personas de 15 años y más</td></tr><tr><td style="white-space:nowrap">84<a name="CSProbSalud-84"> </a></td><td>MIELOMA MÚLTIPLE EN PERSONAS DE 15 AÑOS Y MÁS</td></tr><tr><td style="white-space:nowrap">87<a name="CSProbSalud-87"> </a></td><td>Rehabilitación SARS COV-2</td></tr></table></div>
  </text>
  <url value="https://hl7chile.cl/fhir/ig/sigescg/CodeSystem/CSProbSalud"/>
  <version value="0.1.0"/>
  <name value="CSProbSalud"/>
  <title value="Códigos de Problemas de Salud"/>
  <status value="active"/>
  <experimental value="false"/>
  <date value="2025-01-31T15:38:22-03:00"/>
  <publisher value="HL7 Chile"/>
  <contact>
    <name value="HL7 Chile"/>
    <telecom>
      <system value="url"/>
      <value value="https://hl7chile.cl"/>
    </telecom>
  </contact>
  <description value="Codigos para problemas de salud de paciente"/>
  <jurisdiction>
    <coding>
      <system value="urn:iso:std:iso:3166"/>
      <code value="CL"/>
      <display value="Chile"/>
    </coding>
  </jurisdiction>
  <caseSensitive value="true"/>
  <content value="complete"/>
  <count value="87"/>
  <concept>
    <code value="1"/>
    <display value="NFERMEDAD RENAL CRÓNICA ETAPA 4 Y 5"/>
  </concept>
  <concept>
    <code value="2"/>
    <display value="ardiopatías Congénitas Operables en Personas Menores de 15 Años"/>
  </concept>
  <concept>
    <code value="3"/>
    <display value="ÁNCER CERVICOUTERINO"/>
  </concept>
  <concept>
    <code value="4"/>
    <display value="LIVIO DEL DOLOR POR CÁNCER AVANZADO Y CUIDADOS PALIATIVOS"/>
  </concept>
  <concept>
    <code value="5"/>
    <display value="NFARTO AGUDO DEL MIOCARDIO"/>
  </concept>
  <concept>
    <code value="6"/>
    <display value="IABETES MELLITUS TIPO 1"/>
  </concept>
  <concept>
    <code value="7"/>
    <display value="IABETES MELLITUS TIPO 2"/>
  </concept>
  <concept>
    <code value="8"/>
    <display value="ÁNCER DE MAMA EN PERSONAS DE 15 AÑOS Y MÁS"/>
  </concept>
  <concept>
    <code value="9"/>
    <display value="ISRAFIAS ESPINALES"/>
  </concept>
  <concept>
    <code value="10"/>
    <display value="TRATAMIENTO QUIRÚRGICO DE ESCOLIOSIS EN MENORES DE 25 AÑOS"/>
  </concept>
  <concept>
    <code value="11"/>
    <display value="TRATAMIENTO QUIRÚRGICO DE CATARATAS"/>
  </concept>
  <concept>
    <code value="12"/>
    <display value="ENDOPROTESIS TOTAL DE CADERA EN PERSONAS DE 65 AÑOS Y MÁS CON ARTROSIS DE CADERA CON LIMITACIÓN FUNCIONAL SEVERA"/>
  </concept>
  <concept>
    <code value="13"/>
    <display value="FISURA LABIOPALATINA"/>
  </concept>
  <concept>
    <code value="14"/>
    <display value="CÁNCER EN MENORES DE 15 AÑOS"/>
  </concept>
  <concept>
    <code value="15"/>
    <display value="ESQUIZOFRENIA"/>
  </concept>
  <concept>
    <code value="16"/>
    <display value="CÁNCER DE TESTÍCULO EN PERSONAS DE 15 AÑOS Y MÁS"/>
  </concept>
  <concept>
    <code value="17"/>
    <display value="LINFOMAS EN PERSONAS DE 15 AÑOS Y MÁS"/>
  </concept>
  <concept>
    <code value="18"/>
    <display value="SÍNDROME DE LA INMUNODEFICIENCIA ADQUIRIDA VIH/SIDA"/>
  </concept>
  <concept>
    <code value="19"/>
    <display value="INFECCIÓN RESPIRATORIA AGUDA (IRA) BAJA DE MANEJO AMBULATORIO EN MENORES DE 5 AÑOS"/>
  </concept>
  <concept>
    <code value="20"/>
    <display value="NEUMONIA ADQUIRIDA EN LA COMUNIDAD DE MANEJO AMBULATORIO EN PERSONAS DE 65 AÑOS Y MÁS"/>
  </concept>
  <concept>
    <code value="21"/>
    <display value="HIPERTENSIÓN ARTERIAL PRIMARIA O ESENCIAL EN PERSONAS DE 15 AÑOS Y MÁS"/>
  </concept>
  <concept>
    <code value="22"/>
    <display value="EPILEPSIA NO REFRACTARIA EN PERSONAS DESDE 1 AÑO Y MENORES DE 15 AÑOS"/>
  </concept>
  <concept>
    <code value="23"/>
    <display value="SALUD ORAL INTEGRAL PARA NIÑOS DE 6 AÑOS"/>
  </concept>
  <concept>
    <code value="24"/>
    <display value="PREVENCIÓN DE PARTO PREMATURO"/>
  </concept>
  <concept>
    <code value="25"/>
    <display value="TRASTORNOS DE GENERACIÓN DEL IMPULSO Y CONDUCCIÓN EN PERSONAS DE 15 AÑOS Y MÁS, QUE REQUIEREN MARCAPASO."/>
  </concept>
  <concept>
    <code value="26"/>
    <display value="COLECISTECTOMÍA PREVENTIVA DEL CÁNCER DE VESÍCULA EN PERSONAS DE 35 A 49 AÑOS"/>
  </concept>
  <concept>
    <code value="27"/>
    <display value="CÁNCER GÁSTRICO"/>
  </concept>
  <concept>
    <code value="28"/>
    <display value="CÁNCER DE PRÓSTATA EN PERSONAS DE 15 AÑOS Y MÁS"/>
  </concept>
  <concept>
    <code value="29"/>
    <display value="VICIOS DE REFRACCIÓN EN PERSONAS DE 65 AÑOS Y MÁS"/>
  </concept>
  <concept>
    <code value="30"/>
    <display value="ESTRABISMO EN MENORES DE 9 AÑOS"/>
  </concept>
  <concept>
    <code value="31"/>
    <display value="RETINOPATÍA DIABÉTICA"/>
  </concept>
  <concept>
    <code value="32"/>
    <display value="DESPRENDIMIENTO DE RETINA REGMATÓGENO NO TRAUMÁTICO."/>
  </concept>
  <concept>
    <code value="33"/>
    <display value="HEMOFILIA"/>
  </concept>
  <concept>
    <code value="34"/>
    <display value="DEPRESIÓN EN PERSONAS DE 15 AÑOS Y MÁS"/>
  </concept>
  <concept>
    <code value="35"/>
    <display value="TRATAMIENTO QUIRURGICO DE LA HIPERPLASIA BENIGNA DE LA PRÓSTATA EN PERSONAS SINTOMÁTICAS"/>
  </concept>
  <concept>
    <code value="36"/>
    <display value="Ayudas técnicas para personas de 65 años y más"/>
  </concept>
  <concept>
    <code value="37"/>
    <display value="Ataque Cerebrovascular Isquémico  en personas de 15 años y más"/>
  </concept>
  <concept>
    <code value="38"/>
    <display value="ENFERMEDAD PULMONAR OBSTRUCTIVA CRÓNICA DE TRATAMIENTO AMBULATORIO"/>
  </concept>
  <concept>
    <code value="39"/>
    <display value="ASMA BRONQUIAL MODERADA Y GRAVE EN MENORES DE 15 AÑOS"/>
  </concept>
  <concept>
    <code value="40"/>
    <display value="SÍNDROME DE DIFICULTAD RESPIRATORIA EN EL RECIÉN NACIDO"/>
  </concept>
  <concept>
    <code value="41"/>
    <display value="TRATAMIENTO MÉDICO EN PERSONAS DE 55 AÑOS Y MÁS CON ARTROSIS DE CADERA Y/O RODILLA, LEVE O MODERADA"/>
  </concept>
  <concept>
    <code value="42"/>
    <display value="HEMORRAGIA SUBARACNOIDEA SECUNDARIA A RUPTURA DE ANEURISMAS CEREBRALES"/>
  </concept>
  <concept>
    <code value="43"/>
    <display value="TUMORES PRIMARIOS DEL SISTEMA NERVIOSO CENTRAL EN PERSONAS DE 15 AÑOS O MÁS"/>
  </concept>
  <concept>
    <code value="44"/>
    <display value="TRATAMIENTO QUIRÚRGICO DE HERNIA DEL NÚCLEO PULPOSO LUMBAR"/>
  </concept>
  <concept>
    <code value="45"/>
    <display value="LEUCEMIA EN PERSONAS DE 15 AÑOS Y MÁS"/>
  </concept>
  <concept>
    <code value="47"/>
    <display value="SALUD ORAL INTEGRAL DEL ADULTO DE 60 AÑOS"/>
  </concept>
  <concept>
    <code value="48"/>
    <display value="POLITRAUMATIZADO GRAVE"/>
  </concept>
  <concept>
    <code value="49"/>
    <display value="TRAUMATISMO CRÁNEO ENCEFÁLICO MODERADO O GRAVE"/>
  </concept>
  <concept>
    <code value="50"/>
    <display value="TRAUMA OCULAR GRAVE"/>
  </concept>
  <concept>
    <code value="51"/>
    <display value="FIBROSIS QUÍSTICA"/>
  </concept>
  <concept>
    <code value="52"/>
    <display value="ARTRITIS REUMATOIDEA"/>
  </concept>
  <concept>
    <code value="53"/>
    <display value="CONSUMO PERJUDICIAL O DEPENDENCIA DE RIESGO BAJO A MODERADO DE ALCOHOL Y DROGAS EN PERSONAS MENORES DE 20 AÑOS"/>
  </concept>
  <concept>
    <code value="54"/>
    <display value="ANALGESIA DEL PARTO"/>
  </concept>
  <concept>
    <code value="55"/>
    <display value="GRAN QUEMADO"/>
  </concept>
  <concept>
    <code value="56"/>
    <display value="HIPOACUSIA BILATERAL EN PERSONAS DE 65 AÑOS Y MÁS QUE REQUIEREN USO DE AUDÍFONO"/>
  </concept>
  <concept>
    <code value="57"/>
    <display value="RETINOPATÍA DEL PREMATURO"/>
  </concept>
  <concept>
    <code value="58"/>
    <display value="DISPLASIA BRONCOPULMONAR DEL PREMATURO"/>
  </concept>
  <concept>
    <code value="59"/>
    <display value="HIPOACUSIA NEUROSENSORIAL BILATERAL DEL PREMATURO"/>
  </concept>
  <concept>
    <code value="60"/>
    <display value="EPILEPSIA NO REFRACTARIA EN PERSONAS DE 15 AÑOS Y MÁS"/>
  </concept>
  <concept>
    <code value="61"/>
    <display value="ASMA BRONQUIAL EN PERSONAS DE 15 AÑOS Y"/>
  </concept>
  <concept>
    <code value="62"/>
    <display value="ENFERMEDAD DE PARKINSON"/>
  </concept>
  <concept>
    <code value="63"/>
    <display value="ARTRITIS IDIOPÁTICA JUVENIL"/>
  </concept>
  <concept>
    <code value="64"/>
    <display value="PREVENCION SECUNDARIA INSUFICIENCIA RENAL CRONICA TERMINAL"/>
  </concept>
  <concept>
    <code value="65"/>
    <display value="DISPLASIA LUXANTE DE CADERAS"/>
  </concept>
  <concept>
    <code value="66"/>
    <display value="SALUD ORAL INTEGRAL DE LA EMBARAZADA"/>
  </concept>
  <concept>
    <code value="67"/>
    <display value="ESCLEROSIS MÚLTIPLE RECURRENTE REMITENTE"/>
  </concept>
  <concept>
    <code value="68"/>
    <display value="HEPATITIS B"/>
  </concept>
  <concept>
    <code value="69"/>
    <display value="Hepatitis Crónica por Virus Hepatitis C"/>
  </concept>
  <concept>
    <code value="78"/>
    <display value="LUPUS ERITEMATOSO SISTÉMICO"/>
  </concept>
  <concept>
    <code value="75"/>
    <display value="Trastorno Bipolar 15 Años y Más"/>
  </concept>
  <concept>
    <code value="72"/>
    <display value="Cáncer Vesical 15 Años y Más"/>
  </concept>
  <concept>
    <code value="80"/>
    <display value="TRATAMIENTO ERRADICACIÓN HELICOBACTER PYLORI"/>
  </concept>
  <concept>
    <code value="73"/>
    <display value="Osteosarcoma 15 Años y Más"/>
  </concept>
  <concept>
    <code value="71"/>
    <display value="Cáncer de Ovario Epitelial"/>
  </concept>
  <concept>
    <code value="76"/>
    <display value="Hipotiroidismo en Personas de 15 Años y Más"/>
  </concept>
  <concept>
    <code value="70"/>
    <display value="Cáncer Colorectal 15 Años y Más"/>
  </concept>
  <concept>
    <code value="74"/>
    <display value="TRATAMIENTO QUIRÚRGICO VÁLVULA AÓRTICA 15 Y MÁS"/>
  </concept>
  <concept>
    <code value="79"/>
    <display value="TRATAMIENTO QUIRÚRGICO VÁLVULA MITRAL Y TRICÚSPIDE 15 Y MÁS"/>
  </concept>
  <concept>
    <code value="77"/>
    <display value="Tratamiento de Hipoacusia Moderada, Severa y Profunda en personas Menores de 4 Años"/>
  </concept>
  <concept>
    <code value="46"/>
    <display value="Urgencia Odontológica Ambulatoria"/>
  </concept>
  <concept>
    <code value="85"/>
    <display value="ENFERMEDAD DE ALZHEIMER Y OTRAS DEMENCIAS"/>
  </concept>
  <concept>
    <code value="81"/>
    <display value="Cáncer de Pulmón en Personas de 15 Años y Más"/>
  </concept>
  <concept>
    <code value="82"/>
    <display value="Cáncer de Tiroides en personas de 15 años y más"/>
  </concept>
  <concept>
    <code value="86"/>
    <display value="Atención Integral de Salud en Agresión Sexual Aguda"/>
  </concept>
  <concept>
    <code value="83"/>
    <display value="Cáncer Renal en personas de 15 años y más"/>
  </concept>
  <concept>
    <code value="84"/>
    <display value="MIELOMA MÚLTIPLE EN PERSONAS DE 15 AÑOS Y MÁS"/>
  </concept>
  <concept>
    <code value="87"/>
    <display value="Rehabilitación SARS COV-2"/>
  </concept>
</CodeSystem>