{
  "package": "hl7.fhir.cl.sigescg",
  "version": "0.1.0",
  "fhirVersion": "4.0.1",
  "jurisdiction": "CL",
  "extensions": [
    {
      "url": "https://hl7chile.cl/fhir/ig/sigescg/StructureDefinition/TipoDoc",
      "title": "Tipos de documento/formulario",
      "types": [
        "CodeableConcept"
      ]
    }
  ],
  "profiles": {
    "QuestionnaireResponse": [
      {
        "url": "https://hl7chile.cl/fhir/ig/sigescg/StructureDefinition/datos-sigges-formularios",
        "title": "Datos de Notificación de Casos Siges"
      }
    ]
  },
  "usage": {
    "http://hl7.org/fhir/StructureDefinition/elementdefinition-bestpractice": [
      "StructureDefinition.snapshot.element.constraint"
    ],
    "http://hl7.org/fhir/StructureDefinition/elementdefinition-bestpractice-explanation": [
      "StructureDefinition.snapshot.element.constraint"
    ],
    "http://hl7.org/fhir/StructureDefinition/elementdefinition-bindingName": [
      "StructureDefinition.snapshot.element.binding"
    ],
    "http://hl7.org/fhir/StructureDefinition/elementdefinition-maxValueSet": [
      "StructureDefinition.snapshot.element.binding"
    ],
    "http://hl7.org/fhir/StructureDefinition/structuredefinition-fhir-type": [
      "StructureDefinition.snapshot.element.type"
    ],
    "http://hl7.org/fhir/tools/StructureDefinition/ig-internal-dependency": [
      "ImplementationGuide.definition"
    ],
    "http://hl7.org/fhir/tools/StructureDefinition/ig-page-name": [
      "ImplementationGuide.definition.page",
      "ImplementationGuide.definition.page.page"
    ],
    "http://hl7.org/fhir/tools/StructureDefinition/ig-parameter": [
      "ImplementationGuide.definition"
    ],
    "http://hl7.org/fhir/tools/StructureDefinition/implementationguide-dependency-comment": [
      "ImplementationGuide.dependsOn"
    ],
    "http://hl7.org/fhir/tools/StructureDefinition/resource-information": [
      "ImplementationGuide.definition.resource"
    ],
    "https://hl7chile.cl/fhir/ig/sigescg/StructureDefinition/TipoDoc": [
      "QuestionnaireResponse"
    ]
  }
}