{
  "resourceType" : "ValueSet",
  "id" : "VSPrestacion",
  "text" : {
    "status" : "generated",
    "div" : "<div xmlns=\"http://www.w3.org/1999/xhtml\"><p class=\"res-header-id\"><b>Generated Narrative: ValueSet VSPrestacion</b></p><a name=\"VSPrestacion\"> </a><a name=\"hcVSPrestacion\"> </a><a name=\"VSPrestacion-es-CL\"> </a><ul><li>Include all codes defined in <a href=\"CodeSystem-CSPrestacion.html\"><code>https://hl7chile.cl/fhir/ig/sigescg/CodeSystem/CSPrestacion</code></a></li></ul></div>"
  },
  "url" : "https://hl7chile.cl/fhir/ig/sigescg/ValueSet/VSPrestacion",
  "version" : "0.1.0",
  "name" : "VSPrestacion",
  "title" : "Códigos de prestaciones",
  "status" : "active",
  "experimental" : false,
  "date" : "2024-11-28T09:34:47-03:00",
  "publisher" : "HL7 Chile",
  "contact" : [{
    "name" : "HL7 Chile",
    "telecom" : [{
      "system" : "url",
      "value" : "https://hl7chile.cl"
    }]
  }],
  "description" : "Codigos para prestaciones",
  "jurisdiction" : [{
    "coding" : [{
      "system" : "urn:iso:std:iso:3166",
      "code" : "CL",
      "display" : "Chile"
    }]
  }],
  "compose" : {
    "include" : [{
      "system" : "https://hl7chile.cl/fhir/ig/sigescg/CodeSystem/CSPrestacion"
    }]
  }
}