{
  "resourceType" : "ValueSet",
  "id" : "VSMArca",
  "text" : {
    "status" : "generated",
    "div" : "<div xmlns=\"http://www.w3.org/1999/xhtml\"><p class=\"res-header-id\"><b>Generated Narrative: ValueSet VSMArca</b></p><a name=\"VSMArca\"> </a><a name=\"hcVSMArca\"> </a><a name=\"VSMArca-es-CL\"> </a><ul><li>Include all codes defined in <a href=\"CodeSystem-CSMarca.html\"><code>https://hl7chile.cl/fhir/ig/sigescg/CodeSystem/CSMarca</code></a></li></ul></div>"
  },
  "url" : "https://hl7chile.cl/fhir/ig/sigescg/ValueSet/VSMArca",
  "version" : "0.1.0",
  "name" : "VSMarca",
  "title" : "Códigos de  Marca",
  "status" : "active",
  "experimental" : false,
  "date" : "2024-11-28T09:34:47-03:00",
  "publisher" : "HL7 Chile",
  "contact" : [{
    "name" : "HL7 Chile",
    "telecom" : [{
      "system" : "url",
      "value" : "https://hl7chile.cl"
    }]
  }],
  "description" : "Marca del paciente",
  "jurisdiction" : [{
    "coding" : [{
      "system" : "urn:iso:std:iso:3166",
      "code" : "CL",
      "display" : "Chile"
    }]
  }],
  "compose" : {
    "include" : [{
      "system" : "https://hl7chile.cl/fhir/ig/sigescg/CodeSystem/CSMarca"
    }]
  }
}