{"resourceType":"CodeSystem","id":"CSExamenes","text":{"status":"generated","div":"<div xmlns=\"http://www.w3.org/1999/xhtml\"><p class=\"res-header-id\"><b>Generated Narrative: CodeSystem CSExamenes</b></p><a name=\"CSExamenes\"> </a><a name=\"hcCSExamenes\"> </a><a name=\"CSExamenes-es-CL\"> </a><p>This case-sensitive code system <code>https://hl7chile.cl/fhir/ig/sigescg/CodeSystem/CSExamenes</code> defines the following codes:</p><table class=\"codes\"><tr><td style=\"white-space:nowrap\"><b>Code</b></td><td><b>Display</b></td></tr><tr><td style=\"white-space:nowrap\">01<a name=\"CSExamenes-01\"> </a></td><td>A</td></tr><tr><td style=\"white-space:nowrap\">02<a name=\"CSExamenes-02\"> </a></td><td>B</td></tr><tr><td style=\"white-space:nowrap\">03<a name=\"CSExamenes-03\"> </a></td><td>C</td></tr></table></div>"},"url":"https://hl7chile.cl/fhir/ig/sigescg/CodeSystem/CSExamenes","version":"0.1.0","name":"CSExamenes","title":"Códigos de Exámenes","status":"active","experimental":false,"date":"2025-01-31T15:38:22-03:00","publisher":"HL7 Chile","contact":[{"name":"HL7 Chile","telecom":[{"system":"url","value":"https://hl7chile.cl"}]}],"description":"Codigos para examenes realizados por el paciente","jurisdiction":[{"coding":[{"system":"urn:iso:std:iso:3166","code":"CL","display":"Chile"}]}],"caseSensitive":true,"content":"complete","count":3,"concept":[{"code":"01","display":"A"},{"code":"02","display":"B"},{"code":"03","display":"C"}]}