{"resourceType":"ValueSet","id":"VSProbSalud","text":{"status":"generated","div":"<div xmlns=\"http://www.w3.org/1999/xhtml\"><p class=\"res-header-id\"><b>Generated Narrative: ValueSet VSProbSalud</b></p><a name=\"VSProbSalud\"> </a><a name=\"hcVSProbSalud\"> </a><a name=\"VSProbSalud-es-CL\"> </a><ul><li>Include all codes defined in <a href=\"CodeSystem-CSProbSalud.html\"><code>https://hl7chile.cl/fhir/ig/sigescg/CodeSystem/CSProbSalud</code></a></li></ul></div>"},"url":"https://hl7chile.cl/fhir/ig/sigescg/ValueSet/VSProbSalud","version":"0.1.0","name":"VSProbSalud","title":"Códigos Problemas de Salud","status":"active","experimental":false,"date":"2025-03-06T09:05:54-03:00","publisher":"HL7 Chile","contact":[{"name":"HL7 Chile","telecom":[{"system":"url","value":"https://hl7chile.cl"}]}],"description":"Problemas de salud detectados en pacientes","jurisdiction":[{"coding":[{"system":"urn:iso:std:iso:3166","code":"CL","display":"Chile"}]}],"compose":{"include":[{"system":"https://hl7chile.cl/fhir/ig/sigescg/CodeSystem/CSProbSalud"}]}}