{
  "resourceType" : "CodeSystem",
  "id" : "CSTipoDoc",
  "text" : {
    "status" : "generated",
    "div" : "<div xmlns=\"http://www.w3.org/1999/xhtml\"><p class=\"res-header-id\"><b>Generated Narrative: CodeSystem CSTipoDoc</b></p><a name=\"CSTipoDoc\"> </a><a name=\"hcCSTipoDoc\"> </a><a name=\"CSTipoDoc-es-CL\"> </a><p>This case-sensitive code system <code>https://hl7chile.cl/fhir/ig/sigescg/CodeSystem/CSTipoDoc</code> defines the following codes:</p><table class=\"codes\"><tr><td style=\"white-space:nowrap\"><b>Code</b></td><td><b>Display</b></td></tr><tr><td style=\"white-space:nowrap\">1<a name=\"CSTipoDoc-1\"> </a></td><td>Solicitud de interconsulta SIC</td></tr><tr><td style=\"white-space:nowrap\">2<a name=\"CSTipoDoc-2\"> </a></td><td>Informe Proceso Diagnostico IPD</td></tr><tr><td style=\"white-space:nowrap\">3<a name=\"CSTipoDoc-3\"> </a></td><td>Orden de Atención OA</td></tr><tr><td style=\"white-space:nowrap\">10<a name=\"CSTipoDoc-10\"> </a></td><td>Prestacion Otorgada\tPO</td></tr><tr><td style=\"white-space:nowrap\">15<a name=\"CSTipoDoc-15\"> </a></td><td>Programa Especial PE</td></tr></table></div>"
  },
  "url" : "https://hl7chile.cl/fhir/ig/sigescg/CodeSystem/CSTipoDoc",
  "version" : "0.1.0",
  "name" : "CSTipoDoc",
  "title" : "Códigos de tipo de documento",
  "status" : "active",
  "experimental" : false,
  "date" : "2025-01-31T15:38:22-03:00",
  "publisher" : "HL7 Chile",
  "contact" : [{
    "name" : "HL7 Chile",
    "telecom" : [{
      "system" : "url",
      "value" : "https://hl7chile.cl"
    }]
  }],
  "description" : "Codigos para tipo de documento",
  "jurisdiction" : [{
    "coding" : [{
      "system" : "urn:iso:std:iso:3166",
      "code" : "CL",
      "display" : "Chile"
    }]
  }],
  "caseSensitive" : true,
  "content" : "complete",
  "count" : 5,
  "concept" : [{
    "code" : "1",
    "display" : "Solicitud de interconsulta SIC"
  },
  {
    "code" : "2",
    "display" : "Informe Proceso Diagnostico IPD"
  },
  {
    "code" : "3",
    "display" : "Orden de Atención OA"
  },
  {
    "code" : "10",
    "display" : "Prestacion Otorgada\tPO"
  },
  {
    "code" : "15",
    "display" : "Programa Especial PE"
  }]
}