{
  "resourceType" : "CodeSystem",
  "id" : "CSDerivadoPara",
  "text" : {
    "status" : "generated",
    "div" : "<div xmlns=\"http://www.w3.org/1999/xhtml\"><p class=\"res-header-id\"><b>Generated Narrative: CodeSystem CSDerivadoPara</b></p><a name=\"CSDerivadoPara\"> </a><a name=\"hcCSDerivadoPara\"> </a><a name=\"CSDerivadoPara-es-CL\"> </a><p>This case-sensitive code system <code>https://hl7chile.cl/fhir/ig/sigescg/CodeSystem/CSDerivadoPara</code> defines the following codes:</p><table class=\"codes\"><tr><td style=\"white-space:nowrap\"><b>Code</b></td><td><b>Display</b></td></tr><tr><td style=\"white-space:nowrap\">1<a name=\"CSDerivadoPara-1\"> </a></td><td>Confirmación Diagnóstica</td></tr><tr><td style=\"white-space:nowrap\">2<a name=\"CSDerivadoPara-2\"> </a></td><td>Realizar Tratamiento</td></tr><tr><td style=\"white-space:nowrap\">3<a name=\"CSDerivadoPara-3\"> </a></td><td>A Seguimiento</td></tr><tr><td style=\"white-space:nowrap\">4<a name=\"CSDerivadoPara-4\"> </a></td><td>Control de Especialidad</td></tr><tr><td style=\"white-space:nowrap\">5<a name=\"CSDerivadoPara-5\"> </a></td><td>Otro</td></tr><tr><td style=\"white-space:nowrap\">6<a name=\"CSDerivadoPara-6\"> </a></td><td>Seguimiento</td></tr><tr><td style=\"white-space:nowrap\">7<a name=\"CSDerivadoPara-7\"> </a></td><td>Tratamiento</td></tr><tr><td style=\"white-space:nowrap\">9<a name=\"CSDerivadoPara-9\"> </a></td><td>Diagnostico</td></tr><tr><td style=\"white-space:nowrap\">10<a name=\"CSDerivadoPara-10\"> </a></td><td>Rehabilitación</td></tr></table></div>"
  },
  "url" : "https://hl7chile.cl/fhir/ig/sigescg/CodeSystem/CSDerivadoPara",
  "version" : "0.1.0",
  "name" : "CSDerivadoPara",
  "title" : "Códigos asociados a la derivación",
  "status" : "active",
  "experimental" : false,
  "date" : "2025-03-06T08:20:26-03:00",
  "publisher" : "HL7 Chile",
  "contact" : [{
    "name" : "HL7 Chile",
    "telecom" : [{
      "system" : "url",
      "value" : "https://hl7chile.cl"
    }]
  }],
  "description" : "Codigos asociados para la derivación de paciente, indicando el objetivo",
  "jurisdiction" : [{
    "coding" : [{
      "system" : "urn:iso:std:iso:3166",
      "code" : "CL",
      "display" : "Chile"
    }]
  }],
  "caseSensitive" : true,
  "content" : "complete",
  "count" : 9,
  "concept" : [{
    "code" : "1",
    "display" : "Confirmación Diagnóstica"
  },
  {
    "code" : "2",
    "display" : "Realizar Tratamiento"
  },
  {
    "code" : "3",
    "display" : "A Seguimiento"
  },
  {
    "code" : "4",
    "display" : "Control de Especialidad"
  },
  {
    "code" : "5",
    "display" : "Otro"
  },
  {
    "code" : "6",
    "display" : "Seguimiento"
  },
  {
    "code" : "7",
    "display" : "Tratamiento"
  },
  {
    "code" : "9",
    "display" : "Diagnostico"
  },
  {
    "code" : "10",
    "display" : "Rehabilitación"
  }]
}