{
  "resourceType" : "ValueSet",
  "id" : "VSDerivadoPara",
  "text" : {
    "status" : "generated",
    "div" : "<div xmlns=\"http://www.w3.org/1999/xhtml\"><p class=\"res-header-id\"><b>Generated Narrative: ValueSet VSDerivadoPara</b></p><a name=\"VSDerivadoPara\"> </a><a name=\"hcVSDerivadoPara\"> </a><a name=\"VSDerivadoPara-es-CL\"> </a><ul><li>Include all codes defined in <a href=\"CodeSystem-CSDerivadoPara.html\"><code>https://hl7chile.cl/fhir/ig/sigescg/CodeSystem/CSDerivadoPara</code></a></li></ul></div>"
  },
  "url" : "https://hl7chile.cl/fhir/ig/sigescg/ValueSet/VSDerivadoPara",
  "version" : "0.1.0",
  "name" : "VSDerivadoPara",
  "title" : "Códigos asociados a la derivación",
  "status" : "active",
  "experimental" : false,
  "date" : "2024-11-28T09:34:47-03:00",
  "publisher" : "HL7 Chile",
  "contact" : [{
    "name" : "HL7 Chile",
    "telecom" : [{
      "system" : "url",
      "value" : "https://hl7chile.cl"
    }]
  }],
  "description" : "Codigos asociados para la derivación de paciente, indicando el objetivo",
  "jurisdiction" : [{
    "coding" : [{
      "system" : "urn:iso:std:iso:3166",
      "code" : "CL",
      "display" : "Chile"
    }]
  }],
  "compose" : {
    "include" : [{
      "system" : "https://hl7chile.cl/fhir/ig/sigescg/CodeSystem/CSDerivadoPara"
    }]
  }
}