{
  "resourceType" : "ValueSet",
  "id" : "VSExamenes",
  "text" : {
    "status" : "generated",
    "div" : "<div xmlns=\"http://www.w3.org/1999/xhtml\"><p class=\"res-header-id\"><b>Generated Narrative: ValueSet VSExamenes</b></p><a name=\"VSExamenes\"> </a><a name=\"hcVSExamenes\"> </a><a name=\"VSExamenes-es-CL\"> </a><ul><li>Include all codes defined in <a href=\"CodeSystem-CSExamenes.html\"><code>https://hl7chile.cl/fhir/ig/sigescg/CodeSystem/CSExamenes</code></a></li></ul></div>"
  },
  "url" : "https://hl7chile.cl/fhir/ig/sigescg/ValueSet/VSExamenes",
  "version" : "0.1.0",
  "name" : "VSExamenes",
  "title" : "Códigos de  Exámenes",
  "status" : "active",
  "experimental" : false,
  "date" : "2025-01-31T15:38:22-03:00",
  "publisher" : "HL7 Chile",
  "contact" : [{
    "name" : "HL7 Chile",
    "telecom" : [{
      "system" : "url",
      "value" : "https://hl7chile.cl"
    }]
  }],
  "description" : "Códigos exámenes realizados por el paciente",
  "jurisdiction" : [{
    "coding" : [{
      "system" : "urn:iso:std:iso:3166",
      "code" : "CL",
      "display" : "Chile"
    }]
  }],
  "compose" : {
    "include" : [{
      "system" : "https://hl7chile.cl/fhir/ig/sigescg/CodeSystem/CSExamenes"
    }]
  }
}