{
  "resourceType" : "ValueSet",
  "id" : "VSOpcionesCierre",
  "text" : {
    "status" : "generated",
    "div" : "<div xmlns=\"http://www.w3.org/1999/xhtml\"><p class=\"res-header-id\"><b>Generated Narrative: ValueSet VSOpcionesCierre</b></p><a name=\"VSOpcionesCierre\"> </a><a name=\"hcVSOpcionesCierre\"> </a><a name=\"VSOpcionesCierre-es-CL\"> </a><ul><li>Include all codes defined in <a href=\"CodeSystem-CSOpcionesCierre.html\"><code>https://hl7chile.cl/fhir/ig/sigescg/CodeSystem/CSOpcionesCierre</code></a></li></ul></div>"
  },
  "url" : "https://hl7chile.cl/fhir/ig/sigescg/ValueSet/VSOpcionesCierre",
  "version" : "0.1.0",
  "name" : "VSOpcionesCierre",
  "title" : "Códigos opciones para Cierre o Extensión",
  "status" : "active",
  "experimental" : false,
  "date" : "2025-01-31T15:38:22-03:00",
  "publisher" : "HL7 Chile",
  "contact" : [{
    "name" : "HL7 Chile",
    "telecom" : [{
      "system" : "url",
      "value" : "https://hl7chile.cl"
    }]
  }],
  "description" : "Codigos asociados para el cierre o la extención de garantía",
  "jurisdiction" : [{
    "coding" : [{
      "system" : "urn:iso:std:iso:3166",
      "code" : "CL",
      "display" : "Chile"
    }]
  }],
  "compose" : {
    "include" : [{
      "system" : "https://hl7chile.cl/fhir/ig/sigescg/CodeSystem/CSOpcionesCierre"
    }]
  }
}